Run_ID,Lx,Ly,N_sites,t1,t2,U,Target_Filling,N_elec,Energy_0,Average_Energy,MPS_Info,Converged,Duration_sec
Kagome_Hubbard_000,3,1,9,1.0,0.22276297662728256,9.545511474142367,0.417,4,-13.566950975309034,-13.566950975309034,"MPS, L=9, bc='finite'.
chi: [4, 15, 35, 48, 48, 35, 15, 4]
sites: SpinHalfFermionSite('N', 'Sz', 1.000000) SpinHalfFermionSite('N', 'Sz', 1.000000) SpinHalfFermionSite('N', 'Sz', 1.000000) SpinHalfFermionSite('N', 'Sz', 1.000000) SpinHalfFermionSite('N', 'Sz', 1.000000) SpinHalfFermionSite('N', 'Sz', 1.000000) SpinHalfFermionSite('N', 'Sz', 1.000000) SpinHalfFermionSite('N', 'Sz', 1.000000) SpinHalfFermionSite('N', 'Sz', 1.000000)
forms: (1.0, 0.0) (1.0, 0.0) (0.0, 1.0) (0.0, 1.0) (0.0, 1.0) (0.0, 1.0) (0.0, 1.0) (0.0, 1.0) (0.0, 1.0)",True,68.49199843406677
Kagome_Hubbard_001,3,1,9,1.0,0.038257905123843194,9.276171326819982,0.417,4,-12.050425956869647,-12.050425956869647,"MPS, L=9, bc='finite'.
chi: [4, 15, 35, 48, 48, 35, 15, 4]
sites: SpinHalfFermionSite('N', 'Sz', 1.000000) SpinHalfFermionSite('N', 'Sz', 1.000000) SpinHalfFermionSite('N', 'Sz', 1.000000) SpinHalfFermionSite('N', 'Sz', 1.000000) SpinHalfFermionSite('N', 'Sz', 1.000000) SpinHalfFermionSite('N', 'Sz', 1.000000) SpinHalfFermionSite('N', 'Sz', 1.000000) SpinHalfFermionSite('N', 'Sz', 1.000000) SpinHalfFermionSite('N', 'Sz', 1.000000)
forms: (1.0, 0.0) (1.0, 0.0) (0.0, 1.0) (0.0, 1.0) (0.0, 1.0) (0.0, 1.0) (0.0, 1.0) (0.0, 1.0) (0.0, 1.0)",True,67.73556876182556
Kagome_Hubbard_002,3,1,9,1.0,-0.11192563300320293,6.632174509796624,0.417,4,-11.116223039701893,-11.116223039701893,"MPS, L=9, bc='finite'.
chi: [4, 15, 35, 48, 48, 35, 15, 4]
sites: SpinHalfFermionSite('N', 'Sz', 1.000000) SpinHalfFermionSite('N', 'Sz', 1.000000) SpinHalfFermionSite('N', 'Sz', 1.000000) SpinHalfFermionSite('N', 'Sz', 1.000000) SpinHalfFermionSite('N', 'Sz', 1.000000) SpinHalfFermionSite('N', 'Sz', 1.000000) SpinHalfFermionSite('N', 'Sz', 1.000000) SpinHalfFermionSite('N', 'Sz', 1.000000) SpinHalfFermionSite('N', 'Sz', 1.000000)
forms: (1.0, 0.0) (1.0, 0.0) (0.0, 1.0) (0.0, 1.0) (0.0, 1.0) (0.0, 1.0) (0.0, 1.0) (0.0, 1.0) (0.0, 1.0)",True,68.39384722709656
Kagome_Hubbard_003,3,1,9,1.0,-0.0565176680470339,6.6149503468347035,0.417,4,-11.568572372551706,-11.568572372551706,"MPS, L=9, bc='finite'.
chi: [4, 15, 35, 48, 48, 35, 15, 4]
sites: SpinHalfFermionSite('N', 'Sz', 1.000000) SpinHalfFermionSite('N', 'Sz', 1.000000) SpinHalfFermionSite('N', 'Sz', 1.000000) SpinHalfFermionSite('N', 'Sz', 1.000000) SpinHalfFermionSite('N', 'Sz', 1.000000) SpinHalfFermionSite('N', 'Sz', 1.000000) SpinHalfFermionSite('N', 'Sz', 1.000000) SpinHalfFermionSite('N', 'Sz', 1.000000) SpinHalfFermionSite('N', 'Sz', 1.000000)
forms: (0.0, 1.0) (0.0, 1.0) (0.0, 1.0) (0.0, 1.0) (0.0, 1.0) (0.0, 1.0) (0.0, 1.0) (0.0, 1.0) (0.0, 1.0)",True,67.54999804496765
Kagome_Hubbard_004,3,1,9,1.0,0.13837802410858285,0.5909487524356474,1.2,11,-12.69000146631816,-12.69000146631816,"MPS, L=9, bc='finite'.
chi: [4, 16, 64, 205, 205, 64, 16, 4]
sites: SpinHalfFermionSite('N', 'Sz', 1.000000) SpinHalfFermionSite('N', 'Sz', 1.000000) SpinHalfFermionSite('N', 'Sz', 1.000000) SpinHalfFermionSite('N', 'Sz', 1.000000) SpinHalfFermionSite('N', 'Sz', 1.000000) SpinHalfFermionSite('N', 'Sz', 1.000000) SpinHalfFermionSite('N', 'Sz', 1.000000) SpinHalfFermionSite('N', 'Sz', 1.000000) SpinHalfFermionSite('N', 'Sz', 1.000000)
forms: (0.0, 1.0) (0.0, 1.0) (0.0, 1.0) (0.0, 1.0) (0.0, 1.0) (0.0, 1.0) (0.0, 1.0) (0.0, 1.0) (0.0, 1.0)",True,113.40134453773499
Kagome_Hubbard_005,3,1,9,1.0,-0.17367900058268182,0.6861953779146793,0.333,3,-9.159623498546946,-9.159623498546946,"MPS, L=9, bc='finite'.
chi: [4, 11, 17, 20, 20, 17, 11, 4]
sites: SpinHalfFermionSite('N', 'Sz', 1.000000) SpinHalfFermionSite('N', 'Sz', 1.000000) SpinHalfFermionSite('N', 'Sz', 1.000000) SpinHalfFermionSite('N', 'Sz', 1.000000) SpinHalfFermionSite('N', 'Sz', 1.000000) SpinHalfFermionSite('N', 'Sz', 1.000000) SpinHalfFermionSite('N', 'Sz', 1.000000) SpinHalfFermionSite('N', 'Sz', 1.000000) SpinHalfFermionSite('N', 'Sz', 1.000000)
forms: (1.0, 0.0) (1.0, 0.0) (0.0, 1.0) (0.0, 1.0) (0.0, 1.0) (0.0, 1.0) (0.0, 1.0) (0.0, 1.0) (0.0, 1.0)",True,40.12615084648132
Kagome_Hubbard_006,3,1,9,1.0,-0.10891948128469967,0.17484515891247215,1.2,11,-13.182986064797015,-13.182986064797015,"MPS, L=9, bc='finite'.
chi: [4, 16, 64, 204, 204, 64, 16, 4]
sites: SpinHalfFermionSite('N', 'Sz', 1.000000) SpinHalfFermionSite('N', 'Sz', 1.000000) SpinHalfFermionSite('N', 'Sz', 1.000000) SpinHalfFermionSite('N', 'Sz', 1.000000) SpinHalfFermionSite('N', 'Sz', 1.000000) SpinHalfFermionSite('N', 'Sz', 1.000000) SpinHalfFermionSite('N', 'Sz', 1.000000) SpinHalfFermionSite('N', 'Sz', 1.000000) SpinHalfFermionSite('N', 'Sz', 1.000000)
forms: (0.0, 1.0) (0.0, 1.0) (0.0, 1.0) (0.0, 1.0) (0.0, 1.0) (0.0, 1.0) (0.0, 1.0) (0.0, 1.0) (0.0, 1.0)",True,112.28523206710815
Kagome_Hubbard_007,3,1,9,1.0,0.025070775107919163,0.9794587948712232,0.333,3,-10.746673735666953,-10.746673735666953,"MPS, L=9, bc='finite'.
chi: [4, 11, 17, 20, 20, 17, 11, 4]
sites: SpinHalfFermionSite('N', 'Sz', 1.000000) SpinHalfFermionSite('N', 'Sz', 1.000000) SpinHalfFermionSite('N', 'Sz', 1.000000) SpinHalfFermionSite('N', 'Sz', 1.000000) SpinHalfFermionSite('N', 'Sz', 1.000000) SpinHalfFermionSite('N', 'Sz', 1.000000) SpinHalfFermionSite('N', 'Sz', 1.000000) SpinHalfFermionSite('N', 'Sz', 1.000000) SpinHalfFermionSite('N', 'Sz', 1.000000)
forms: (1.0, 0.0) (1.0, 0.0) (0.0, 1.0) (0.0, 1.0) (0.0, 1.0) (0.0, 1.0) (0.0, 1.0) (0.0, 1.0) (0.0, 1.0)",True,39.66807150840759
Kagome_Hubbard_008,3,1,9,1.0,0.1875370395489867,2.6240709449779804,1.0,9,-12.59901179995957,-12.59901179995957,"MPS, L=9, bc='finite'.
chi: [4, 16, 64, 256, 256, 64, 16, 4]
sites: SpinHalfFermionSite('N', 'Sz', 1.000000) SpinHalfFermionSite('N', 'Sz', 1.000000) SpinHalfFermionSite('N', 'Sz', 1.000000) SpinHalfFermionSite('N', 'Sz', 1.000000) SpinHalfFermionSite('N', 'Sz', 1.000000) SpinHalfFermionSite('N', 'Sz', 1.000000) SpinHalfFermionSite('N', 'Sz', 1.000000) SpinHalfFermionSite('N', 'Sz', 1.000000) SpinHalfFermionSite('N', 'Sz', 1.000000)
forms: (0.0, 1.0) (0.0, 1.0) (0.0, 1.0) (0.0, 1.0) (0.0, 1.0) (0.0, 1.0) (0.0, 1.0) (0.0, 1.0) (0.0, 1.0)",True,118.63532710075378
Kagome_Hubbard_009,3,1,9,1.0,0.018595406670388226,8.814789559743097,0.8,7,-11.62642385479014,-11.62642385479014,"MPS, L=9, bc='finite'.
chi: [4, 16, 64, 204, 205, 64, 16, 4]
sites: SpinHalfFermionSite('N', 'Sz', 1.000000) SpinHalfFermionSite('N', 'Sz', 1.000000) SpinHalfFermionSite('N', 'Sz', 1.000000) SpinHalfFermionSite('N', 'Sz', 1.000000) SpinHalfFermionSite('N', 'Sz', 1.000000) SpinHalfFermionSite('N', 'Sz', 1.000000) SpinHalfFermionSite('N', 'Sz', 1.000000) SpinHalfFermionSite('N', 'Sz', 1.000000) SpinHalfFermionSite('N', 'Sz', 1.000000)
forms: (0.0, 1.0) (0.0, 1.0) (0.0, 1.0) (0.0, 1.0) (0.0, 1.0) (0.0, 1.0) (0.0, 1.0) (0.0, 1.0) (0.0, 1.0)",True,110.86245584487915
Kagome_Hubbard_010,3,1,9,1.0,0.21330782460543624,0.8074410036419485,0.8,7,-18.961089290999936,-18.961089290999936,"MPS, L=9, bc='finite'.
chi: [4, 16, 64, 204, 205, 64, 16, 4]
sites: SpinHalfFermionSite('N', 'Sz', 1.000000) SpinHalfFermionSite('N', 'Sz', 1.000000) SpinHalfFermionSite('N', 'Sz', 1.000000) SpinHalfFermionSite('N', 'Sz', 1.000000) SpinHalfFermionSite('N', 'Sz', 1.000000) SpinHalfFermionSite('N', 'Sz', 1.000000) SpinHalfFermionSite('N', 'Sz', 1.000000) SpinHalfFermionSite('N', 'Sz', 1.000000) SpinHalfFermionSite('N', 'Sz', 1.000000)
forms: (0.0, 1.0) (0.0, 1.0) (0.0, 1.0) (0.0, 1.0) (0.0, 1.0) (0.0, 1.0) (0.0, 1.0) (0.0, 1.0) (0.0, 1.0)",True,111.4667055606842
Kagome_Hubbard_011,3,1,9,1.0,0.22948511508472164,6.290715387128914,0.333,3,-11.803210442769979,-11.803210442769979,"MPS, L=9, bc='finite'.
chi: [4, 11, 17, 20, 20, 17, 11, 4]
sites: SpinHalfFermionSite('N', 'Sz', 1.000000) SpinHalfFermionSite('N', 'Sz', 1.000000) SpinHalfFermionSite('N', 'Sz', 1.000000) SpinHalfFermionSite('N', 'Sz', 1.000000) SpinHalfFermionSite('N', 'Sz', 1.000000) SpinHalfFermionSite('N', 'Sz', 1.000000) SpinHalfFermionSite('N', 'Sz', 1.000000) SpinHalfFermionSite('N', 'Sz', 1.000000) SpinHalfFermionSite('N', 'Sz', 1.000000)
forms: (1.0, 0.0) (1.0, 0.0) (0.0, 1.0) (0.0, 1.0) (0.0, 1.0) (0.0, 1.0) (0.0, 1.0) (0.0, 1.0) (0.0, 1.0)",True,40.29206824302673
Kagome_Hubbard_012,3,1,9,1.0,0.07507540615057051,1.5566890874271246,0.8,7,-16.954075894253037,-16.954075894253037,"MPS, L=9, bc='finite'.
chi: [4, 16, 64, 205, 204, 64, 16, 4]
sites: SpinHalfFermionSite('N', 'Sz', 1.000000) SpinHalfFermionSite('N', 'Sz', 1.000000) SpinHalfFermionSite('N', 'Sz', 1.000000) SpinHalfFermionSite('N', 'Sz', 1.000000) SpinHalfFermionSite('N', 'Sz', 1.000000) SpinHalfFermionSite('N', 'Sz', 1.000000) SpinHalfFermionSite('N', 'Sz', 1.000000) SpinHalfFermionSite('N', 'Sz', 1.000000) SpinHalfFermionSite('N', 'Sz', 1.000000)
forms: (0.0, 1.0) (0.0, 1.0) (0.0, 1.0) (0.0, 1.0) (0.0, 1.0) (0.0, 1.0) (0.0, 1.0) (0.0, 1.0) (0.0, 1.0)",True,110.94404411315918
Kagome_Hubbard_013,3,1,9,1.0,0.2381917372908215,5.977247010261498,0.8,7,-14.608278093301312,-14.608278093301312,"MPS, L=9, bc='finite'.
chi: [4, 16, 64, 205, 205, 64, 16, 4]
sites: SpinHalfFermionSite('N', 'Sz', 1.000000) SpinHalfFermionSite('N', 'Sz', 1.000000) SpinHalfFermionSite('N', 'Sz', 1.000000) SpinHalfFermionSite('N', 'Sz', 1.000000) SpinHalfFermionSite('N', 'Sz', 1.000000) SpinHalfFermionSite('N', 'Sz', 1.000000) SpinHalfFermionSite('N', 'Sz', 1.000000) SpinHalfFermionSite('N', 'Sz', 1.000000) SpinHalfFermionSite('N', 'Sz', 1.000000)
forms: (0.0, 1.0) (0.0, 1.0) (0.0, 1.0) (0.0, 1.0) (0.0, 1.0) (0.0, 1.0) (0.0, 1.0) (0.0, 1.0) (0.0, 1.0)",True,110.95896577835083
Kagome_Hubbard_014,3,1,9,1.0,0.2137887911420469,9.635757435599984,0.5,4,-13.480885463587871,-13.480885463587871,"MPS, L=9, bc='finite'.
chi: [4, 15, 35, 48, 48, 35, 15, 4]
sites: SpinHalfFermionSite('N', 'Sz', 1.000000) SpinHalfFermionSite('N', 'Sz', 1.000000) SpinHalfFermionSite('N', 'Sz', 1.000000) SpinHalfFermionSite('N', 'Sz', 1.000000) SpinHalfFermionSite('N', 'Sz', 1.000000) SpinHalfFermionSite('N', 'Sz', 1.000000) SpinHalfFermionSite('N', 'Sz', 1.000000) SpinHalfFermionSite('N', 'Sz', 1.000000) SpinHalfFermionSite('N', 'Sz', 1.000000)
forms: (1.0, 0.0) (1.0, 0.0) (0.0, 1.0) (0.0, 1.0) (0.0, 1.0) (0.0, 1.0) (0.0, 1.0) (0.0, 1.0) (0.0, 1.0)",True,70.3308675289154
Kagome_Hubbard_015,3,1,9,1.0,0.18446416991037184,6.408928982704212,0.333,3,-11.430187367664782,-11.430187367664782,"MPS, L=9, bc='finite'.
chi: [4, 11, 17, 20, 20, 17, 11, 4]
sites: SpinHalfFermionSite('N', 'Sz', 1.000000) SpinHalfFermionSite('N', 'Sz', 1.000000) SpinHalfFermionSite('N', 'Sz', 1.000000) SpinHalfFermionSite('N', 'Sz', 1.000000) SpinHalfFermionSite('N', 'Sz', 1.000000) SpinHalfFermionSite('N', 'Sz', 1.000000) SpinHalfFermionSite('N', 'Sz', 1.000000) SpinHalfFermionSite('N', 'Sz', 1.000000) SpinHalfFermionSite('N', 'Sz', 1.000000)
forms: (1.0, 0.0) (1.0, 0.0) (0.0, 1.0) (0.0, 1.0) (0.0, 1.0) (0.0, 1.0) (0.0, 1.0) (0.0, 1.0) (0.0, 1.0)",True,41.26619863510132
Kagome_Hubbard_016,3,1,9,1.0,-0.1398167537296923,8.594532669467359,0.333,3,-8.939850129339916,-8.939850129339916,"MPS, L=9, bc='finite'.
chi: [4, 11, 17, 20, 20, 17, 11, 4]
sites: SpinHalfFermionSite('N', 'Sz', 1.000000) SpinHalfFermionSite('N', 'Sz', 1.000000) SpinHalfFermionSite('N', 'Sz', 1.000000) SpinHalfFermionSite('N', 'Sz', 1.000000) SpinHalfFermionSite('N', 'Sz', 1.000000) SpinHalfFermionSite('N', 'Sz', 1.000000) SpinHalfFermionSite('N', 'Sz', 1.000000) SpinHalfFermionSite('N', 'Sz', 1.000000) SpinHalfFermionSite('N', 'Sz', 1.000000)
forms: (1.0, 0.0) (1.0, 0.0) (0.0, 1.0) (0.0, 1.0) (0.0, 1.0) (0.0, 1.0) (0.0, 1.0) (0.0, 1.0) (0.0, 1.0)",True,44.25311541557312
Kagome_Hubbard_017,3,1,9,1.0,0.1786765396385666,1.0122784928354787,0.8,7,-18.425220472927506,-18.425220472927506,"MPS, L=9, bc='finite'.
chi: [4, 16, 64, 204, 205, 64, 16, 4]
sites: SpinHalfFermionSite('N', 'Sz', 1.000000) SpinHalfFermionSite('N', 'Sz', 1.000000) SpinHalfFermionSite('N', 'Sz', 1.000000) SpinHalfFermionSite('N', 'Sz', 1.000000) SpinHalfFermionSite('N', 'Sz', 1.000000) SpinHalfFermionSite('N', 'Sz', 1.000000) SpinHalfFermionSite('N', 'Sz', 1.000000) SpinHalfFermionSite('N', 'Sz', 1.000000) SpinHalfFermionSite('N', 'Sz', 1.000000)
forms: (0.0, 1.0) (0.0, 1.0) (0.0, 1.0) (0.0, 1.0) (0.0, 1.0) (0.0, 1.0) (0.0, 1.0) (0.0, 1.0) (0.0, 1.0)",True,122.95330691337585
Kagome_Hubbard_018,3,1,9,1.0,-0.11760015462199525,9.494777133913637,0.8,7,-10.503003315362236,-10.503003315362236,"MPS, L=9, bc='finite'.
chi: [4, 16, 64, 205, 205, 64, 16, 4]
sites: SpinHalfFermionSite('N', 'Sz', 1.000000) SpinHalfFermionSite('N', 'Sz', 1.000000) SpinHalfFermionSite('N', 'Sz', 1.000000) SpinHalfFermionSite('N', 'Sz', 1.000000) SpinHalfFermionSite('N', 'Sz', 1.000000) SpinHalfFermionSite('N', 'Sz', 1.000000) SpinHalfFermionSite('N', 'Sz', 1.000000) SpinHalfFermionSite('N', 'Sz', 1.000000) SpinHalfFermionSite('N', 'Sz', 1.000000)
forms: (0.0, 1.0) (0.0, 1.0) (0.0, 1.0) (0.0, 1.0) (0.0, 1.0) (0.0, 1.0) (0.0, 1.0) (0.0, 1.0) (0.0, 1.0)",True,119.18078184127808
Kagome_Hubbard_019,3,1,9,1.0,0.17749738448686042,1.24233248370101,0.417,4,-14.655474854056836,-14.655474854056836,"MPS, L=9, bc='finite'.
chi: [4, 15, 35, 48, 48, 35, 15, 4]
sites: SpinHalfFermionSite('N', 'Sz', 1.000000) SpinHalfFermionSite('N', 'Sz', 1.000000) SpinHalfFermionSite('N', 'Sz', 1.000000) SpinHalfFermionSite('N', 'Sz', 1.000000) SpinHalfFermionSite('N', 'Sz', 1.000000) SpinHalfFermionSite('N', 'Sz', 1.000000) SpinHalfFermionSite('N', 'Sz', 1.000000) SpinHalfFermionSite('N', 'Sz', 1.000000) SpinHalfFermionSite('N', 'Sz', 1.000000)
forms: (0.0, 1.0) (0.0, 1.0) (0.0, 1.0) (0.0, 1.0) (0.0, 1.0) (0.0, 1.0) (0.0, 1.0) (0.0, 1.0) (0.0, 1.0)",True,68.8101282119751
Kagome_Hubbard_020,3,1,9,1.0,-0.0516554438636144,6.155047955270546,0.8,7,-12.364580955691581,-12.364580955691581,"MPS, L=9, bc='finite'.
chi: [4, 16, 64, 205, 205, 64, 16, 4]
sites: SpinHalfFermionSite('N', 'Sz', 1.000000) SpinHalfFermionSite('N', 'Sz', 1.000000) SpinHalfFermionSite('N', 'Sz', 1.000000) SpinHalfFermionSite('N', 'Sz', 1.000000) SpinHalfFermionSite('N', 'Sz', 1.000000) SpinHalfFermionSite('N', 'Sz', 1.000000) SpinHalfFermionSite('N', 'Sz', 1.000000) SpinHalfFermionSite('N', 'Sz', 1.000000) SpinHalfFermionSite('N', 'Sz', 1.000000)
forms: (0.0, 1.0) (0.0, 1.0) (0.0, 1.0) (0.0, 1.0) (0.0, 1.0) (0.0, 1.0) (0.0, 1.0) (0.0, 1.0) (0.0, 1.0)",True,110.79339647293091
Kagome_Hubbard_021,3,1,9,1.0,0.008758396186515416,1.0621799829205292,1.0,9,-14.495046064411646,-14.495046064411646,"MPS, L=9, bc='finite'.
chi: [4, 16, 64, 256, 256, 64, 16, 4]
sites: SpinHalfFermionSite('N', 'Sz', 1.000000) SpinHalfFermionSite('N', 'Sz', 1.000000) SpinHalfFermionSite('N', 'Sz', 1.000000) SpinHalfFermionSite('N', 'Sz', 1.000000) SpinHalfFermionSite('N', 'Sz', 1.000000) SpinHalfFermionSite('N', 'Sz', 1.000000) SpinHalfFermionSite('N', 'Sz', 1.000000) SpinHalfFermionSite('N', 'Sz', 1.000000) SpinHalfFermionSite('N', 'Sz', 1.000000)
forms: (0.0, 1.0) (0.0, 1.0) (0.0, 1.0) (0.0, 1.0) (0.0, 1.0) (0.0, 1.0) (0.0, 1.0) (0.0, 1.0) (0.0, 1.0)",True,119.45168328285217
Kagome_Hubbard_022,3,1,9,1.0,-0.24200824125837464,1.9628860418332077,0.5,4,-10.852905294778953,-10.852905294778953,"MPS, L=9, bc='finite'.
chi: [4, 15, 35, 48, 48, 35, 15, 4]
sites: SpinHalfFermionSite('N', 'Sz', 1.000000) SpinHalfFermionSite('N', 'Sz', 1.000000) SpinHalfFermionSite('N', 'Sz', 1.000000) SpinHalfFermionSite('N', 'Sz', 1.000000) SpinHalfFermionSite('N', 'Sz', 1.000000) SpinHalfFermionSite('N', 'Sz', 1.000000) SpinHalfFermionSite('N', 'Sz', 1.000000) SpinHalfFermionSite('N', 'Sz', 1.000000) SpinHalfFermionSite('N', 'Sz', 1.000000)
forms: (1.0, 0.0) (1.0, 0.0) (0.0, 1.0) (0.0, 1.0) (0.0, 1.0) (0.0, 1.0) (0.0, 1.0) (0.0, 1.0) (0.0, 1.0)",True,67.87325954437256
Kagome_Hubbard_023,3,1,9,1.0,0.17875305794900875,1.8101870401350744,0.333,3,-11.896735813225819,-11.896735813225819,"MPS, L=9, bc='finite'.
chi: [4, 11, 17, 20, 20, 17, 11, 4]
sites: SpinHalfFermionSite('N', 'Sz', 1.000000) SpinHalfFermionSite('N', 'Sz', 1.000000) SpinHalfFermionSite('N', 'Sz', 1.000000) SpinHalfFermionSite('N', 'Sz', 1.000000) SpinHalfFermionSite('N', 'Sz', 1.000000) SpinHalfFermionSite('N', 'Sz', 1.000000) SpinHalfFermionSite('N', 'Sz', 1.000000) SpinHalfFermionSite('N', 'Sz', 1.000000) SpinHalfFermionSite('N', 'Sz', 1.000000)
forms: (1.0, 0.0) (1.0, 0.0) (0.0, 1.0) (0.0, 1.0) (0.0, 1.0) (0.0, 1.0) (0.0, 1.0) (0.0, 1.0) (0.0, 1.0)",True,41.18170428276062
Kagome_Hubbard_024,3,1,9,1.0,-0.10660932491914563,1.007368914389401,0.5,4,-12.232264648743701,-12.232264648743701,"MPS, L=9, bc='finite'.
chi: [4, 15, 35, 48, 47, 35, 15, 4]
sites: SpinHalfFermionSite('N', 'Sz', 1.000000) SpinHalfFermionSite('N', 'Sz', 1.000000) SpinHalfFermionSite('N', 'Sz', 1.000000) SpinHalfFermionSite('N', 'Sz', 1.000000) SpinHalfFermionSite('N', 'Sz', 1.000000) SpinHalfFermionSite('N', 'Sz', 1.000000) SpinHalfFermionSite('N', 'Sz', 1.000000) SpinHalfFermionSite('N', 'Sz', 1.000000) SpinHalfFermionSite('N', 'Sz', 1.000000)
forms: (1.0, 0.0) (1.0, 0.0) (0.0, 1.0) (0.0, 1.0) (0.0, 1.0) (0.0, 1.0) (0.0, 1.0) (0.0, 1.0) (0.0, 1.0)",True,66.95375967025757
Kagome_Hubbard_025,3,1,9,1.0,0.13166449822831727,4.723862541899196,0.5,4,-13.452228359008329,-13.452228359008329,"MPS, L=9, bc='finite'.
chi: [4, 15, 35, 48, 48, 35, 15, 4]
sites: SpinHalfFermionSite('N', 'Sz', 1.000000) SpinHalfFermionSite('N', 'Sz', 1.000000) SpinHalfFermionSite('N', 'Sz', 1.000000) SpinHalfFermionSite('N', 'Sz', 1.000000) SpinHalfFermionSite('N', 'Sz', 1.000000) SpinHalfFermionSite('N', 'Sz', 1.000000) SpinHalfFermionSite('N', 'Sz', 1.000000) SpinHalfFermionSite('N', 'Sz', 1.000000) SpinHalfFermionSite('N', 'Sz', 1.000000)
forms: (1.0, 0.0) (1.0, 0.0) (0.0, 1.0) (0.0, 1.0) (0.0, 1.0) (0.0, 1.0) (0.0, 1.0) (0.0, 1.0) (0.0, 1.0)",True,67.07785248756409
Kagome_Hubbard_026,3,1,9,1.0,0.23921366376938752,4.800460370932638,1.2,11,-1.3978635841886031,-1.3978635841886031,"MPS, L=9, bc='finite'.
chi: [4, 16, 64, 204, 205, 64, 16, 4]
sites: SpinHalfFermionSite('N', 'Sz', 1.000000) SpinHalfFermionSite('N', 'Sz', 1.000000) SpinHalfFermionSite('N', 'Sz', 1.000000) SpinHalfFermionSite('N', 'Sz', 1.000000) SpinHalfFermionSite('N', 'Sz', 1.000000) SpinHalfFermionSite('N', 'Sz', 1.000000) SpinHalfFermionSite('N', 'Sz', 1.000000) SpinHalfFermionSite('N', 'Sz', 1.000000) SpinHalfFermionSite('N', 'Sz', 1.000000)
forms: (0.0, 1.0) (0.0, 1.0) (0.0, 1.0) (0.0, 1.0) (0.0, 1.0) (0.0, 1.0) (0.0, 1.0) (0.0, 1.0) (0.0, 1.0)",True,117.72494673728943
Kagome_Hubbard_027,3,1,9,1.0,0.010710007308788738,9.856697625045028,0.333,3,-9.926458538131342,-9.926458538131342,"MPS, L=9, bc='finite'.
chi: [4, 11, 17, 20, 20, 17, 11, 4]
sites: SpinHalfFermionSite('N', 'Sz', 1.000000) SpinHalfFermionSite('N', 'Sz', 1.000000) SpinHalfFermionSite('N', 'Sz', 1.000000) SpinHalfFermionSite('N', 'Sz', 1.000000) SpinHalfFermionSite('N', 'Sz', 1.000000) SpinHalfFermionSite('N', 'Sz', 1.000000) SpinHalfFermionSite('N', 'Sz', 1.000000) SpinHalfFermionSite('N', 'Sz', 1.000000) SpinHalfFermionSite('N', 'Sz', 1.000000)
forms: (1.0, 0.0) (1.0, 0.0) (0.0, 1.0) (0.0, 1.0) (0.0, 1.0) (0.0, 1.0) (0.0, 1.0) (0.0, 1.0) (0.0, 1.0)",True,41.368664026260376
Kagome_Hubbard_028,3,1,9,1.0,0.005739751098075452,8.683756078195033,1.0,9,-6.050555330248735,-6.050555330248735,"MPS, L=9, bc='finite'.
chi: [4, 16, 64, 256, 256, 64, 16, 4]
sites: SpinHalfFermionSite('N', 'Sz', 1.000000) SpinHalfFermionSite('N', 'Sz', 1.000000) SpinHalfFermionSite('N', 'Sz', 1.000000) SpinHalfFermionSite('N', 'Sz', 1.000000) SpinHalfFermionSite('N', 'Sz', 1.000000) SpinHalfFermionSite('N', 'Sz', 1.000000) SpinHalfFermionSite('N', 'Sz', 1.000000) SpinHalfFermionSite('N', 'Sz', 1.000000) SpinHalfFermionSite('N', 'Sz', 1.000000)
forms: (0.0, 1.0) (0.0, 1.0) (0.0, 1.0) (0.0, 1.0) (0.0, 1.0) (0.0, 1.0) (0.0, 1.0) (0.0, 1.0) (0.0, 1.0)",True,175.74871587753296
Kagome_Hubbard_029,3,1,9,1.0,0.23803047717041564,0.2579254033709187,1.2,11,-14.308135606368253,-14.308135606368253,"MPS, L=9, bc='finite'.
chi: [4, 16, 64, 204, 204, 64, 16, 4]
sites: SpinHalfFermionSite('N', 'Sz', 1.000000) SpinHalfFermionSite('N', 'Sz', 1.000000) SpinHalfFermionSite('N', 'Sz', 1.000000) SpinHalfFermionSite('N', 'Sz', 1.000000) SpinHalfFermionSite('N', 'Sz', 1.000000) SpinHalfFermionSite('N', 'Sz', 1.000000) SpinHalfFermionSite('N', 'Sz', 1.000000) SpinHalfFermionSite('N', 'Sz', 1.000000) SpinHalfFermionSite('N', 'Sz', 1.000000)
forms: (0.0, 1.0) (0.0, 1.0) (0.0, 1.0) (0.0, 1.0) (0.0, 1.0) (0.0, 1.0) (0.0, 1.0) (0.0, 1.0) (0.0, 1.0)",True,113.23301982879639
Kagome_Hubbard_030,3,1,9,1.0,-0.08672277264579606,1.9601556498061008,0.417,4,-12.148136695137687,-12.148136695137687,"MPS, L=9, bc='finite'.
chi: [4, 15, 35, 48, 48, 35, 15, 4]
sites: SpinHalfFermionSite('N', 'Sz', 1.000000) SpinHalfFermionSite('N', 'Sz', 1.000000) SpinHalfFermionSite('N', 'Sz', 1.000000) SpinHalfFermionSite('N', 'Sz', 1.000000) SpinHalfFermionSite('N', 'Sz', 1.000000) SpinHalfFermionSite('N', 'Sz', 1.000000) SpinHalfFermionSite('N', 'Sz', 1.000000) SpinHalfFermionSite('N', 'Sz', 1.000000) SpinHalfFermionSite('N', 'Sz', 1.000000)
forms: (1.0, 0.0) (1.0, 0.0) (0.0, 1.0) (0.0, 1.0) (0.0, 1.0) (0.0, 1.0) (0.0, 1.0) (0.0, 1.0) (0.0, 1.0)",True,66.14285564422607
Kagome_Hubbard_031,3,1,9,1.0,0.10559747595682162,0.590546747598745,0.333,3,-11.496187362986863,-11.496187362986863,"MPS, L=9, bc='finite'.
chi: [4, 11, 17, 20, 20, 17, 11, 4]
sites: SpinHalfFermionSite('N', 'Sz', 1.000000) SpinHalfFermionSite('N', 'Sz', 1.000000) SpinHalfFermionSite('N', 'Sz', 1.000000) SpinHalfFermionSite('N', 'Sz', 1.000000) SpinHalfFermionSite('N', 'Sz', 1.000000) SpinHalfFermionSite('N', 'Sz', 1.000000) SpinHalfFermionSite('N', 'Sz', 1.000000) SpinHalfFermionSite('N', 'Sz', 1.000000) SpinHalfFermionSite('N', 'Sz', 1.000000)
forms: (1.0, 0.0) (1.0, 0.0) (0.0, 1.0) (0.0, 1.0) (0.0, 1.0) (0.0, 1.0) (0.0, 1.0) (0.0, 1.0) (0.0, 1.0)",True,40.3852424621582
Kagome_Hubbard_032,3,1,9,1.0,-0.011042931502862785,3.9692861212345925,0.5,4,-12.359602863322857,-12.359602863322857,"MPS, L=9, bc='finite'.
chi: [4, 15, 35, 48, 47, 35, 15, 4]
sites: SpinHalfFermionSite('N', 'Sz', 1.000000) SpinHalfFermionSite('N', 'Sz', 1.000000) SpinHalfFermionSite('N', 'Sz', 1.000000) SpinHalfFermionSite('N', 'Sz', 1.000000) SpinHalfFermionSite('N', 'Sz', 1.000000) SpinHalfFermionSite('N', 'Sz', 1.000000) SpinHalfFermionSite('N', 'Sz', 1.000000) SpinHalfFermionSite('N', 'Sz', 1.000000) SpinHalfFermionSite('N', 'Sz', 1.000000)
forms: (0.0, 1.0) (0.0, 1.0) (0.0, 1.0) (0.0, 1.0) (0.0, 1.0) (0.0, 1.0) (0.0, 1.0) (0.0, 1.0) (0.0, 1.0)",True,66.84031629562378
Kagome_Hubbard_033,3,1,9,1.0,-0.25876909182351604,4.1660516033517965,0.8,7,-12.148993937409381,-12.148993937409381,"MPS, L=9, bc='finite'.
chi: [4, 16, 64, 205, 205, 64, 16, 4]
sites: SpinHalfFermionSite('N', 'Sz', 1.000000) SpinHalfFermionSite('N', 'Sz', 1.000000) SpinHalfFermionSite('N', 'Sz', 1.000000) SpinHalfFermionSite('N', 'Sz', 1.000000) SpinHalfFermionSite('N', 'Sz', 1.000000) SpinHalfFermionSite('N', 'Sz', 1.000000) SpinHalfFermionSite('N', 'Sz', 1.000000) SpinHalfFermionSite('N', 'Sz', 1.000000) SpinHalfFermionSite('N', 'Sz', 1.000000)
forms: (0.0, 1.0) (0.0, 1.0) (0.0, 1.0) (0.0, 1.0) (0.0, 1.0) (0.0, 1.0) (0.0, 1.0) (0.0, 1.0) (0.0, 1.0)",True,111.38216876983643
Kagome_Hubbard_034,3,1,9,1.0,-0.06535783019597527,6.421288930362918,0.8,7,-12.127368080873756,-12.127368080873756,"MPS, L=9, bc='finite'.
chi: [4, 16, 64, 205, 205, 64, 16, 4]
sites: SpinHalfFermionSite('N', 'Sz', 1.000000) SpinHalfFermionSite('N', 'Sz', 1.000000) SpinHalfFermionSite('N', 'Sz', 1.000000) SpinHalfFermionSite('N', 'Sz', 1.000000) SpinHalfFermionSite('N', 'Sz', 1.000000) SpinHalfFermionSite('N', 'Sz', 1.000000) SpinHalfFermionSite('N', 'Sz', 1.000000) SpinHalfFermionSite('N', 'Sz', 1.000000) SpinHalfFermionSite('N', 'Sz', 1.000000)
forms: (0.0, 1.0) (0.0, 1.0) (0.0, 1.0) (0.0, 1.0) (0.0, 1.0) (0.0, 1.0) (0.0, 1.0) (0.0, 1.0) (0.0, 1.0)",True,111.70087242126465
Kagome_Hubbard_035,3,1,9,1.0,-0.2846073958729672,1.130672862973412,0.333,3,-8.249992200865183,-8.249992200865183,"MPS, L=9, bc='finite'.
chi: [4, 11, 17, 20, 20, 17, 11, 4]
sites: SpinHalfFermionSite('N', 'Sz', 1.000000) SpinHalfFermionSite('N', 'Sz', 1.000000) SpinHalfFermionSite('N', 'Sz', 1.000000) SpinHalfFermionSite('N', 'Sz', 1.000000) SpinHalfFermionSite('N', 'Sz', 1.000000) SpinHalfFermionSite('N', 'Sz', 1.000000) SpinHalfFermionSite('N', 'Sz', 1.000000) SpinHalfFermionSite('N', 'Sz', 1.000000) SpinHalfFermionSite('N', 'Sz', 1.000000)
forms: (0.0, 1.0) (0.0, 1.0) (0.0, 1.0) (0.0, 1.0) (0.0, 1.0) (0.0, 1.0) (0.0, 1.0) (0.0, 1.0) (0.0, 1.0)",True,46.51962947845459
Kagome_Hubbard_036,3,1,9,1.0,0.1938437556416217,7.9928954675674735,0.5,4,-13.4996183493313,-13.4996183493313,"MPS, L=9, bc='finite'.
chi: [4, 15, 35, 48, 48, 35, 15, 4]
sites: SpinHalfFermionSite('N', 'Sz', 1.000000) SpinHalfFermionSite('N', 'Sz', 1.000000) SpinHalfFermionSite('N', 'Sz', 1.000000) SpinHalfFermionSite('N', 'Sz', 1.000000) SpinHalfFermionSite('N', 'Sz', 1.000000) SpinHalfFermionSite('N', 'Sz', 1.000000) SpinHalfFermionSite('N', 'Sz', 1.000000) SpinHalfFermionSite('N', 'Sz', 1.000000) SpinHalfFermionSite('N', 'Sz', 1.000000)
forms: (1.0, 0.0) (1.0, 0.0) (0.0, 1.0) (0.0, 1.0) (0.0, 1.0) (0.0, 1.0) (0.0, 1.0) (0.0, 1.0) (0.0, 1.0)",True,69.29679083824158
Kagome_Hubbard_037,3,1,9,1.0,-0.2802253268840739,1.190453169691563,1.0,9,-12.80633884503844,-12.80633884503844,"MPS, L=9, bc='finite'.
chi: [4, 16, 64, 256, 256, 64, 16, 4]
sites: SpinHalfFermionSite('N', 'Sz', 1.000000) SpinHalfFermionSite('N', 'Sz', 1.000000) SpinHalfFermionSite('N', 'Sz', 1.000000) SpinHalfFermionSite('N', 'Sz', 1.000000) SpinHalfFermionSite('N', 'Sz', 1.000000) SpinHalfFermionSite('N', 'Sz', 1.000000) SpinHalfFermionSite('N', 'Sz', 1.000000) SpinHalfFermionSite('N', 'Sz', 1.000000) SpinHalfFermionSite('N', 'Sz', 1.000000)
forms: (0.0, 1.0) (0.0, 1.0) (0.0, 1.0) (0.0, 1.0) (0.0, 1.0) (0.0, 1.0) (0.0, 1.0) (0.0, 1.0) (0.0, 1.0)",True,120.96100330352783
Kagome_Hubbard_038,3,1,9,1.0,0.11281553758325369,8.848248890799093,0.8,7,-12.255835140950808,-12.255835140950808,"MPS, L=9, bc='finite'.
chi: [4, 16, 64, 205, 205, 64, 16, 4]
sites: SpinHalfFermionSite('N', 'Sz', 1.000000) SpinHalfFermionSite('N', 'Sz', 1.000000) SpinHalfFermionSite('N', 'Sz', 1.000000) SpinHalfFermionSite('N', 'Sz', 1.000000) SpinHalfFermionSite('N', 'Sz', 1.000000) SpinHalfFermionSite('N', 'Sz', 1.000000) SpinHalfFermionSite('N', 'Sz', 1.000000) SpinHalfFermionSite('N', 'Sz', 1.000000) SpinHalfFermionSite('N', 'Sz', 1.000000)
forms: (0.0, 1.0) (0.0, 1.0) (0.0, 1.0) (0.0, 1.0) (0.0, 1.0) (0.0, 1.0) (0.0, 1.0) (0.0, 1.0) (0.0, 1.0)",True,112.28837728500366
Kagome_Hubbard_039,3,1,9,1.0,-0.24406058429512437,6.208331213718677,0.8,7,-11.043370722368833,-11.043370722368833,"MPS, L=9, bc='finite'.
chi: [4, 16, 64, 205, 205, 64, 16, 4]
sites: SpinHalfFermionSite('N', 'Sz', 1.000000) SpinHalfFermionSite('N', 'Sz', 1.000000) SpinHalfFermionSite('N', 'Sz', 1.000000) SpinHalfFermionSite('N', 'Sz', 1.000000) SpinHalfFermionSite('N', 'Sz', 1.000000) SpinHalfFermionSite('N', 'Sz', 1.000000) SpinHalfFermionSite('N', 'Sz', 1.000000) SpinHalfFermionSite('N', 'Sz', 1.000000) SpinHalfFermionSite('N', 'Sz', 1.000000)
forms: (0.0, 1.0) (0.0, 1.0) (0.0, 1.0) (0.0, 1.0) (0.0, 1.0) (0.0, 1.0) (0.0, 1.0) (0.0, 1.0) (0.0, 1.0)",True,113.23427867889404
Kagome_Hubbard_040,3,1,9,1.0,-0.28737959634414756,2.5716970673386763,0.333,3,-8.186586868586582,-8.186586868586582,"MPS, L=9, bc='finite'.
chi: [3, 7, 7, 14, 14, 7, 7, 3]
sites: SpinHalfFermionSite('N', 'Sz', 1.000000) SpinHalfFermionSite('N', 'Sz', 1.000000) SpinHalfFermionSite('N', 'Sz', 1.000000) SpinHalfFermionSite('N', 'Sz', 1.000000) SpinHalfFermionSite('N', 'Sz', 1.000000) SpinHalfFermionSite('N', 'Sz', 1.000000) SpinHalfFermionSite('N', 'Sz', 1.000000) SpinHalfFermionSite('N', 'Sz', 1.000000) SpinHalfFermionSite('N', 'Sz', 1.000000)
forms: (0.0, 1.0) (0.0, 1.0) (0.0, 1.0) (0.0, 1.0) (0.0, 1.0) (0.0, 1.0) (0.0, 1.0) (0.0, 1.0) (0.0, 1.0)",True,47.064781188964844
Kagome_Hubbard_041,3,1,9,1.0,0.2017178367866696,1.0748069369239992,0.8,7,-18.547000478109958,-18.547000478109958,"MPS, L=9, bc='finite'.
chi: [4, 16, 64, 204, 205, 64, 16, 4]
sites: SpinHalfFermionSite('N', 'Sz', 1.000000) SpinHalfFermionSite('N', 'Sz', 1.000000) SpinHalfFermionSite('N', 'Sz', 1.000000) SpinHalfFermionSite('N', 'Sz', 1.000000) SpinHalfFermionSite('N', 'Sz', 1.000000) SpinHalfFermionSite('N', 'Sz', 1.000000) SpinHalfFermionSite('N', 'Sz', 1.000000) SpinHalfFermionSite('N', 'Sz', 1.000000) SpinHalfFermionSite('N', 'Sz', 1.000000)
forms: (0.0, 1.0) (0.0, 1.0) (0.0, 1.0) (0.0, 1.0) (0.0, 1.0) (0.0, 1.0) (0.0, 1.0) (0.0, 1.0) (0.0, 1.0)",True,111.81892728805542
Kagome_Hubbard_042,3,1,9,1.0,0.28830645025283536,0.9168331238280683,1.2,11,-12.364354456717379,-12.364354456717379,"MPS, L=9, bc='finite'.
chi: [4, 16, 64, 205, 205, 64, 16, 4]
sites: SpinHalfFermionSite('N', 'Sz', 1.000000) SpinHalfFermionSite('N', 'Sz', 1.000000) SpinHalfFermionSite('N', 'Sz', 1.000000) SpinHalfFermionSite('N', 'Sz', 1.000000) SpinHalfFermionSite('N', 'Sz', 1.000000) SpinHalfFermionSite('N', 'Sz', 1.000000) SpinHalfFermionSite('N', 'Sz', 1.000000) SpinHalfFermionSite('N', 'Sz', 1.000000) SpinHalfFermionSite('N', 'Sz', 1.000000)
forms: (0.0, 1.0) (0.0, 1.0) (0.0, 1.0) (0.0, 1.0) (0.0, 1.0) (0.0, 1.0) (0.0, 1.0) (0.0, 1.0) (0.0, 1.0)",True,113.93413281440735
Kagome_Hubbard_043,3,1,9,1.0,-0.18848745762490376,1.2791775639611462,1.0,9,-13.081544891288289,-13.081544891288289,"MPS, L=9, bc='finite'.
chi: [4, 16, 64, 256, 256, 64, 16, 4]
sites: SpinHalfFermionSite('N', 'Sz', 1.000000) SpinHalfFermionSite('N', 'Sz', 1.000000) SpinHalfFermionSite('N', 'Sz', 1.000000) SpinHalfFermionSite('N', 'Sz', 1.000000) SpinHalfFermionSite('N', 'Sz', 1.000000) SpinHalfFermionSite('N', 'Sz', 1.000000) SpinHalfFermionSite('N', 'Sz', 1.000000) SpinHalfFermionSite('N', 'Sz', 1.000000) SpinHalfFermionSite('N', 'Sz', 1.000000)
forms: (0.0, 1.0) (0.0, 1.0) (0.0, 1.0) (0.0, 1.0) (0.0, 1.0) (0.0, 1.0) (0.0, 1.0) (0.0, 1.0) (0.0, 1.0)",True,116.17183327674866
Kagome_Hubbard_044,3,1,9,1.0,-0.04960234609253755,1.3544884255227179,0.8,7,-16.173778023315982,-16.173778023315982,"MPS, L=9, bc='finite'.
chi: [4, 16, 64, 204, 205, 64, 16, 4]
sites: SpinHalfFermionSite('N', 'Sz', 1.000000) SpinHalfFermionSite('N', 'Sz', 1.000000) SpinHalfFermionSite('N', 'Sz', 1.000000) SpinHalfFermionSite('N', 'Sz', 1.000000) SpinHalfFermionSite('N', 'Sz', 1.000000) SpinHalfFermionSite('N', 'Sz', 1.000000) SpinHalfFermionSite('N', 'Sz', 1.000000) SpinHalfFermionSite('N', 'Sz', 1.000000) SpinHalfFermionSite('N', 'Sz', 1.000000)
forms: (0.0, 1.0) (0.0, 1.0) (0.0, 1.0) (0.0, 1.0) (0.0, 1.0) (0.0, 1.0) (0.0, 1.0) (0.0, 1.0) (0.0, 1.0)",True,109.49944496154785
Kagome_Hubbard_045,3,1,9,1.0,0.1319891596821388,1.5842089029291107,0.5,4,-14.153212854368073,-14.153212854368073,"MPS, L=9, bc='finite'.
chi: [4, 15, 35, 48, 48, 35, 15, 4]
sites: SpinHalfFermionSite('N', 'Sz', 1.000000) SpinHalfFermionSite('N', 'Sz', 1.000000) SpinHalfFermionSite('N', 'Sz', 1.000000) SpinHalfFermionSite('N', 'Sz', 1.000000) SpinHalfFermionSite('N', 'Sz', 1.000000) SpinHalfFermionSite('N', 'Sz', 1.000000) SpinHalfFermionSite('N', 'Sz', 1.000000) SpinHalfFermionSite('N', 'Sz', 1.000000) SpinHalfFermionSite('N', 'Sz', 1.000000)
forms: (1.0, 0.0) (1.0, 0.0) (0.0, 1.0) (0.0, 1.0) (0.0, 1.0) (0.0, 1.0) (0.0, 1.0) (0.0, 1.0) (0.0, 1.0)",True,63.32501244544983
Kagome_Hubbard_046,3,1,9,1.0,-0.15549932647969492,5.9476226853460314,0.5,4,-10.852170382589145,-10.852170382589145,"MPS, L=9, bc='finite'.
chi: [4, 15, 35, 48, 48, 35, 15, 4]
sites: SpinHalfFermionSite('N', 'Sz', 1.000000) SpinHalfFermionSite('N', 'Sz', 1.000000) SpinHalfFermionSite('N', 'Sz', 1.000000) SpinHalfFermionSite('N', 'Sz', 1.000000) SpinHalfFermionSite('N', 'Sz', 1.000000) SpinHalfFermionSite('N', 'Sz', 1.000000) SpinHalfFermionSite('N', 'Sz', 1.000000) SpinHalfFermionSite('N', 'Sz', 1.000000) SpinHalfFermionSite('N', 'Sz', 1.000000)
forms: (1.0, 0.0) (1.0, 0.0) (0.0, 1.0) (0.0, 1.0) (0.0, 1.0) (0.0, 1.0) (0.0, 1.0) (0.0, 1.0) (0.0, 1.0)",True,67.3626503944397
Kagome_Hubbard_047,3,1,9,1.0,0.2295084127233495,5.208207767312659,0.417,4,-14.22568611541178,-14.22568611541178,"MPS, L=9, bc='finite'.
chi: [4, 15, 35, 48, 48, 35, 15, 4]
sites: SpinHalfFermionSite('N', 'Sz', 1.000000) SpinHalfFermionSite('N', 'Sz', 1.000000) SpinHalfFermionSite('N', 'Sz', 1.000000) SpinHalfFermionSite('N', 'Sz', 1.000000) SpinHalfFermionSite('N', 'Sz', 1.000000) SpinHalfFermionSite('N', 'Sz', 1.000000) SpinHalfFermionSite('N', 'Sz', 1.000000) SpinHalfFermionSite('N', 'Sz', 1.000000) SpinHalfFermionSite('N', 'Sz', 1.000000)
forms: (1.0, 0.0) (1.0, 0.0) (0.0, 1.0) (0.0, 1.0) (0.0, 1.0) (0.0, 1.0) (0.0, 1.0) (0.0, 1.0) (0.0, 1.0)",True,66.11144661903381
Kagome_Hubbard_048,3,1,9,1.0,-0.02341522888634151,2.617945691631019,1.0,9,-11.600106079715973,-11.600106079715973,"MPS, L=9, bc='finite'.
chi: [4, 16, 64, 256, 256, 64, 16, 4]
sites: SpinHalfFermionSite('N', 'Sz', 1.000000) SpinHalfFermionSite('N', 'Sz', 1.000000) SpinHalfFermionSite('N', 'Sz', 1.000000) SpinHalfFermionSite('N', 'Sz', 1.000000) SpinHalfFermionSite('N', 'Sz', 1.000000) SpinHalfFermionSite('N', 'Sz', 1.000000) SpinHalfFermionSite('N', 'Sz', 1.000000) SpinHalfFermionSite('N', 'Sz', 1.000000) SpinHalfFermionSite('N', 'Sz', 1.000000)
forms: (0.0, 1.0) (0.0, 1.0) (0.0, 1.0) (0.0, 1.0) (0.0, 1.0) (0.0, 1.0) (0.0, 1.0) (0.0, 1.0) (0.0, 1.0)",True,120.86499977111816
Kagome_Hubbard_049,3,1,9,1.0,0.11725687273867352,5.690822487914815,1.2,11,1.5154215172582075,1.5154215172582075,"MPS, L=9, bc='finite'.
chi: [4, 16, 64, 205, 205, 64, 16, 4]
sites: SpinHalfFermionSite('N', 'Sz', 1.000000) SpinHalfFermionSite('N', 'Sz', 1.000000) SpinHalfFermionSite('N', 'Sz', 1.000000) SpinHalfFermionSite('N', 'Sz', 1.000000) SpinHalfFermionSite('N', 'Sz', 1.000000) SpinHalfFermionSite('N', 'Sz', 1.000000) SpinHalfFermionSite('N', 'Sz', 1.000000) SpinHalfFermionSite('N', 'Sz', 1.000000) SpinHalfFermionSite('N', 'Sz', 1.000000)
forms: (0.0, 1.0) (0.0, 1.0) (0.0, 1.0) (0.0, 1.0) (0.0, 1.0) (0.0, 1.0) (0.0, 1.0) (0.0, 1.0) (0.0, 1.0)",True,334.80331659317017
Kagome_Hubbard_050,3,1,9,1.0,-0.2761454727955294,8.581651061643477,1.2,11,9.327638848455019,9.327638848455019,"MPS, L=9, bc='finite'.
chi: [4, 16, 64, 205, 205, 64, 16, 4]
sites: SpinHalfFermionSite('N', 'Sz', 1.000000) SpinHalfFermionSite('N', 'Sz', 1.000000) SpinHalfFermionSite('N', 'Sz', 1.000000) SpinHalfFermionSite('N', 'Sz', 1.000000) SpinHalfFermionSite('N', 'Sz', 1.000000) SpinHalfFermionSite('N', 'Sz', 1.000000) SpinHalfFermionSite('N', 'Sz', 1.000000) SpinHalfFermionSite('N', 'Sz', 1.000000) SpinHalfFermionSite('N', 'Sz', 1.000000)
forms: (0.0, 1.0) (0.0, 1.0) (0.0, 1.0) (0.0, 1.0) (0.0, 1.0) (0.0, 1.0) (0.0, 1.0) (0.0, 1.0) (0.0, 1.0)",True,330.779504776001
Kagome_Hubbard_051,3,1,9,1.0,0.11989066917670232,1.7663345696729877,0.5,4,-13.996791845808069,-13.996791845808069,"MPS, L=9, bc='finite'.
chi: [4, 15, 35, 48, 48, 35, 15, 4]
sites: SpinHalfFermionSite('N', 'Sz', 1.000000) SpinHalfFermionSite('N', 'Sz', 1.000000) SpinHalfFermionSite('N', 'Sz', 1.000000) SpinHalfFermionSite('N', 'Sz', 1.000000) SpinHalfFermionSite('N', 'Sz', 1.000000) SpinHalfFermionSite('N', 'Sz', 1.000000) SpinHalfFermionSite('N', 'Sz', 1.000000) SpinHalfFermionSite('N', 'Sz', 1.000000) SpinHalfFermionSite('N', 'Sz', 1.000000)
forms: (0.0, 1.0) (0.0, 1.0) (0.0, 1.0) (0.0, 1.0) (0.0, 1.0) (0.0, 1.0) (0.0, 1.0) (0.0, 1.0) (0.0, 1.0)",True,72.97425723075867
Kagome_Hubbard_052,3,1,9,1.0,-0.13309357069749475,0.7950523012440376,0.8,7,-16.157629641856477,-16.157629641856477,"MPS, L=9, bc='finite'.
chi: [4, 16, 64, 204, 205, 64, 16, 4]
sites: SpinHalfFermionSite('N', 'Sz', 1.000000) SpinHalfFermionSite('N', 'Sz', 1.000000) SpinHalfFermionSite('N', 'Sz', 1.000000) SpinHalfFermionSite('N', 'Sz', 1.000000) SpinHalfFermionSite('N', 'Sz', 1.000000) SpinHalfFermionSite('N', 'Sz', 1.000000) SpinHalfFermionSite('N', 'Sz', 1.000000) SpinHalfFermionSite('N', 'Sz', 1.000000) SpinHalfFermionSite('N', 'Sz', 1.000000)
forms: (0.0, 1.0) (0.0, 1.0) (0.0, 1.0) (0.0, 1.0) (0.0, 1.0) (0.0, 1.0) (0.0, 1.0) (0.0, 1.0) (0.0, 1.0)",True,123.21948981285095
Kagome_Hubbard_053,3,1,9,1.0,0.10178348531028464,2.9308710799984907,1.0,9,-11.709831391367013,-11.709831391367013,"MPS, L=9, bc='finite'.
chi: [4, 16, 64, 256, 256, 64, 16, 4]
sites: SpinHalfFermionSite('N', 'Sz', 1.000000) SpinHalfFermionSite('N', 'Sz', 1.000000) SpinHalfFermionSite('N', 'Sz', 1.000000) SpinHalfFermionSite('N', 'Sz', 1.000000) SpinHalfFermionSite('N', 'Sz', 1.000000) SpinHalfFermionSite('N', 'Sz', 1.000000) SpinHalfFermionSite('N', 'Sz', 1.000000) SpinHalfFermionSite('N', 'Sz', 1.000000) SpinHalfFermionSite('N', 'Sz', 1.000000)
forms: (0.0, 1.0) (0.0, 1.0) (0.0, 1.0) (0.0, 1.0) (0.0, 1.0) (0.0, 1.0) (0.0, 1.0) (0.0, 1.0) (0.0, 1.0)",True,132.39105010032654
Kagome_Hubbard_054,3,1,9,1.0,0.15640976411761492,5.96520548456834,0.8,7,-13.991340619423106,-13.991340619423106,"MPS, L=9, bc='finite'.
chi: [4, 16, 64, 205, 205, 64, 16, 4]
sites: SpinHalfFermionSite('N', 'Sz', 1.000000) SpinHalfFermionSite('N', 'Sz', 1.000000) SpinHalfFermionSite('N', 'Sz', 1.000000) SpinHalfFermionSite('N', 'Sz', 1.000000) SpinHalfFermionSite('N', 'Sz', 1.000000) SpinHalfFermionSite('N', 'Sz', 1.000000) SpinHalfFermionSite('N', 'Sz', 1.000000) SpinHalfFermionSite('N', 'Sz', 1.000000) SpinHalfFermionSite('N', 'Sz', 1.000000)
forms: (0.0, 1.0) (0.0, 1.0) (0.0, 1.0) (0.0, 1.0) (0.0, 1.0) (0.0, 1.0) (0.0, 1.0) (0.0, 1.0) (0.0, 1.0)",True,127.33060145378113
Kagome_Hubbard_055,3,1,9,1.0,0.07695809526160602,6.084245324202137,0.417,4,-12.758093977953337,-12.758093977953337,"MPS, L=9, bc='finite'.
chi: [4, 15, 35, 48, 48, 35, 15, 4]
sites: SpinHalfFermionSite('N', 'Sz', 1.000000) SpinHalfFermionSite('N', 'Sz', 1.000000) SpinHalfFermionSite('N', 'Sz', 1.000000) SpinHalfFermionSite('N', 'Sz', 1.000000) SpinHalfFermionSite('N', 'Sz', 1.000000) SpinHalfFermionSite('N', 'Sz', 1.000000) SpinHalfFermionSite('N', 'Sz', 1.000000) SpinHalfFermionSite('N', 'Sz', 1.000000) SpinHalfFermionSite('N', 'Sz', 1.000000)
forms: (1.0, 0.0) (1.0, 0.0) (0.0, 1.0) (0.0, 1.0) (0.0, 1.0) (0.0, 1.0) (0.0, 1.0) (0.0, 1.0) (0.0, 1.0)",True,72.17565155029297
Kagome_Hubbard_056,3,1,9,1.0,-0.050708919009431086,1.4594868700056758,0.333,3,-10.039766767961968,-10.039766767961968,"MPS, L=9, bc='finite'.
chi: [4, 11, 17, 20, 20, 17, 11, 4]
sites: SpinHalfFermionSite('N', 'Sz', 1.000000) SpinHalfFermionSite('N', 'Sz', 1.000000) SpinHalfFermionSite('N', 'Sz', 1.000000) SpinHalfFermionSite('N', 'Sz', 1.000000) SpinHalfFermionSite('N', 'Sz', 1.000000) SpinHalfFermionSite('N', 'Sz', 1.000000) SpinHalfFermionSite('N', 'Sz', 1.000000) SpinHalfFermionSite('N', 'Sz', 1.000000) SpinHalfFermionSite('N', 'Sz', 1.000000)
forms: (1.0, 0.0) (1.0, 0.0) (0.0, 1.0) (0.0, 1.0) (0.0, 1.0) (0.0, 1.0) (0.0, 1.0) (0.0, 1.0) (0.0, 1.0)",True,45.93513226509094
Kagome_Hubbard_057,3,1,9,1.0,-0.1317799270503522,3.0643100243415002,0.333,3,-9.214840214650922,-9.214840214650922,"MPS, L=9, bc='finite'.
chi: [4, 11, 17, 20, 20, 17, 11, 4]
sites: SpinHalfFermionSite('N', 'Sz', 1.000000) SpinHalfFermionSite('N', 'Sz', 1.000000) SpinHalfFermionSite('N', 'Sz', 1.000000) SpinHalfFermionSite('N', 'Sz', 1.000000) SpinHalfFermionSite('N', 'Sz', 1.000000) SpinHalfFermionSite('N', 'Sz', 1.000000) SpinHalfFermionSite('N', 'Sz', 1.000000) SpinHalfFermionSite('N', 'Sz', 1.000000) SpinHalfFermionSite('N', 'Sz', 1.000000)
forms: (1.0, 0.0) (1.0, 0.0) (0.0, 1.0) (0.0, 1.0) (0.0, 1.0) (0.0, 1.0) (0.0, 1.0) (0.0, 1.0) (0.0, 1.0)",True,45.57422757148743
Kagome_Hubbard_058,3,1,9,1.0,-0.24001111941399583,3.8586615056956655,1.0,9,-9.097742478949442,-9.097742478949442,"MPS, L=9, bc='finite'.
chi: [4, 16, 64, 256, 256, 64, 16, 4]
sites: SpinHalfFermionSite('N', 'Sz', 1.000000) SpinHalfFermionSite('N', 'Sz', 1.000000) SpinHalfFermionSite('N', 'Sz', 1.000000) SpinHalfFermionSite('N', 'Sz', 1.000000) SpinHalfFermionSite('N', 'Sz', 1.000000) SpinHalfFermionSite('N', 'Sz', 1.000000) SpinHalfFermionSite('N', 'Sz', 1.000000) SpinHalfFermionSite('N', 'Sz', 1.000000) SpinHalfFermionSite('N', 'Sz', 1.000000)
forms: (0.0, 1.0) (0.0, 1.0) (0.0, 1.0) (0.0, 1.0) (0.0, 1.0) (0.0, 1.0) (0.0, 1.0) (0.0, 1.0) (0.0, 1.0)",True,130.12548160552979
Kagome_Hubbard_059,3,1,9,1.0,-0.021279178113380204,9.081632491121532,0.333,3,-9.723978978178199,-9.723978978178199,"MPS, L=9, bc='finite'.
chi: [4, 11, 17, 20, 20, 17, 11, 4]
sites: SpinHalfFermionSite('N', 'Sz', 1.000000) SpinHalfFermionSite('N', 'Sz', 1.000000) SpinHalfFermionSite('N', 'Sz', 1.000000) SpinHalfFermionSite('N', 'Sz', 1.000000) SpinHalfFermionSite('N', 'Sz', 1.000000) SpinHalfFermionSite('N', 'Sz', 1.000000) SpinHalfFermionSite('N', 'Sz', 1.000000) SpinHalfFermionSite('N', 'Sz', 1.000000) SpinHalfFermionSite('N', 'Sz', 1.000000)
forms: (1.0, 0.0) (1.0, 0.0) (0.0, 1.0) (0.0, 1.0) (0.0, 1.0) (0.0, 1.0) (0.0, 1.0) (0.0, 1.0) (0.0, 1.0)",True,35.891215324401855
Kagome_Hubbard_060,3,1,9,1.0,0.12719069668063004,3.111436161812707,1.2,11,-4.868047054798943,-4.868047054798943,"MPS, L=9, bc='finite'.
chi: [4, 16, 64, 205, 205, 64, 16, 4]
sites: SpinHalfFermionSite('N', 'Sz', 1.000000) SpinHalfFermionSite('N', 'Sz', 1.000000) SpinHalfFermionSite('N', 'Sz', 1.000000) SpinHalfFermionSite('N', 'Sz', 1.000000) SpinHalfFermionSite('N', 'Sz', 1.000000) SpinHalfFermionSite('N', 'Sz', 1.000000) SpinHalfFermionSite('N', 'Sz', 1.000000) SpinHalfFermionSite('N', 'Sz', 1.000000) SpinHalfFermionSite('N', 'Sz', 1.000000)
forms: (0.0, 1.0) (0.0, 1.0) (0.0, 1.0) (0.0, 1.0) (0.0, 1.0) (0.0, 1.0) (0.0, 1.0) (0.0, 1.0) (0.0, 1.0)",True,77.20928454399109
Kagome_Hubbard_061,3,1,9,1.0,-0.13525678588524587,6.607083307889244,0.5,4,-10.932053150900021,-10.932053150900021,"MPS, L=9, bc='finite'.
chi: [4, 15, 35, 48, 48, 35, 15, 4]
sites: SpinHalfFermionSite('N', 'Sz', 1.000000) SpinHalfFermionSite('N', 'Sz', 1.000000) SpinHalfFermionSite('N', 'Sz', 1.000000) SpinHalfFermionSite('N', 'Sz', 1.000000) SpinHalfFermionSite('N', 'Sz', 1.000000) SpinHalfFermionSite('N', 'Sz', 1.000000) SpinHalfFermionSite('N', 'Sz', 1.000000) SpinHalfFermionSite('N', 'Sz', 1.000000) SpinHalfFermionSite('N', 'Sz', 1.000000)
forms: (1.0, 0.0) (1.0, 0.0) (0.0, 1.0) (0.0, 1.0) (0.0, 1.0) (0.0, 1.0) (0.0, 1.0) (0.0, 1.0) (0.0, 1.0)",True,44.10064482688904
Kagome_Hubbard_062,3,1,9,1.0,0.0627277250844035,4.722707542167987,0.5,4,-12.85491748950757,-12.85491748950757,"MPS, L=9, bc='finite'.
chi: [4, 15, 35, 48, 48, 35, 15, 4]
sites: SpinHalfFermionSite('N', 'Sz', 1.000000) SpinHalfFermionSite('N', 'Sz', 1.000000) SpinHalfFermionSite('N', 'Sz', 1.000000) SpinHalfFermionSite('N', 'Sz', 1.000000) SpinHalfFermionSite('N', 'Sz', 1.000000) SpinHalfFermionSite('N', 'Sz', 1.000000) SpinHalfFermionSite('N', 'Sz', 1.000000) SpinHalfFermionSite('N', 'Sz', 1.000000) SpinHalfFermionSite('N', 'Sz', 1.000000)
forms: (0.0, 1.0) (0.0, 1.0) (0.0, 1.0) (0.0, 1.0) (0.0, 1.0) (0.0, 1.0) (0.0, 1.0) (0.0, 1.0) (0.0, 1.0)",True,50.02741765975952
Kagome_Hubbard_063,3,1,9,1.0,0.08751666265387797,1.1583167725882788,0.8,7,-17.497559161853303,-17.497559161853303,"MPS, L=9, bc='finite'.
chi: [4, 16, 64, 204, 205, 64, 16, 4]
sites: SpinHalfFermionSite('N', 'Sz', 1.000000) SpinHalfFermionSite('N', 'Sz', 1.000000) SpinHalfFermionSite('N', 'Sz', 1.000000) SpinHalfFermionSite('N', 'Sz', 1.000000) SpinHalfFermionSite('N', 'Sz', 1.000000) SpinHalfFermionSite('N', 'Sz', 1.000000) SpinHalfFermionSite('N', 'Sz', 1.000000) SpinHalfFermionSite('N', 'Sz', 1.000000) SpinHalfFermionSite('N', 'Sz', 1.000000)
forms: (0.0, 1.0) (0.0, 1.0) (0.0, 1.0) (0.0, 1.0) (0.0, 1.0) (0.0, 1.0) (0.0, 1.0) (0.0, 1.0) (0.0, 1.0)",True,70.14730548858643
Kagome_Hubbard_064,3,1,9,1.0,0.0085950116315901,0.921667108127377,0.333,3,-10.619534915238305,-10.619534915238305,"MPS, L=9, bc='finite'.
chi: [4, 11, 17, 20, 20, 17, 11, 4]
sites: SpinHalfFermionSite('N', 'Sz', 1.000000) SpinHalfFermionSite('N', 'Sz', 1.000000) SpinHalfFermionSite('N', 'Sz', 1.000000) SpinHalfFermionSite('N', 'Sz', 1.000000) SpinHalfFermionSite('N', 'Sz', 1.000000) SpinHalfFermionSite('N', 'Sz', 1.000000) SpinHalfFermionSite('N', 'Sz', 1.000000) SpinHalfFermionSite('N', 'Sz', 1.000000) SpinHalfFermionSite('N', 'Sz', 1.000000)
forms: (1.0, 0.0) (1.0, 0.0) (0.0, 1.0) (0.0, 1.0) (0.0, 1.0) (0.0, 1.0) (0.0, 1.0) (0.0, 1.0) (0.0, 1.0)",True,25.240389823913574
Kagome_Hubbard_065,3,1,9,1.0,0.04468280482353448,1.7993925888229139,0.417,4,-13.324434976567076,-13.324434976567076,"MPS, L=9, bc='finite'.
chi: [4, 15, 35, 48, 47, 35, 15, 4]
sites: SpinHalfFermionSite('N', 'Sz', 1.000000) SpinHalfFermionSite('N', 'Sz', 1.000000) SpinHalfFermionSite('N', 'Sz', 1.000000) SpinHalfFermionSite('N', 'Sz', 1.000000) SpinHalfFermionSite('N', 'Sz', 1.000000) SpinHalfFermionSite('N', 'Sz', 1.000000) SpinHalfFermionSite('N', 'Sz', 1.000000) SpinHalfFermionSite('N', 'Sz', 1.000000) SpinHalfFermionSite('N', 'Sz', 1.000000)
forms: (1.0, 0.0) (1.0, 0.0) (0.0, 1.0) (0.0, 1.0) (0.0, 1.0) (0.0, 1.0) (0.0, 1.0) (0.0, 1.0) (0.0, 1.0)",True,46.81239724159241
Kagome_Hubbard_066,3,1,9,1.0,0.2907635758991703,7.329824225284655,1.2,11,4.203195566537477,4.203195566537477,"MPS, L=9, bc='finite'.
chi: [4, 16, 64, 205, 205, 64, 16, 4]
sites: SpinHalfFermionSite('N', 'Sz', 1.000000) SpinHalfFermionSite('N', 'Sz', 1.000000) SpinHalfFermionSite('N', 'Sz', 1.000000) SpinHalfFermionSite('N', 'Sz', 1.000000) SpinHalfFermionSite('N', 'Sz', 1.000000) SpinHalfFermionSite('N', 'Sz', 1.000000) SpinHalfFermionSite('N', 'Sz', 1.000000) SpinHalfFermionSite('N', 'Sz', 1.000000) SpinHalfFermionSite('N', 'Sz', 1.000000)
forms: (0.0, 1.0) (0.0, 1.0) (0.0, 1.0) (0.0, 1.0) (0.0, 1.0) (0.0, 1.0) (0.0, 1.0) (0.0, 1.0) (0.0, 1.0)",True,165.61445450782776
Kagome_Hubbard_067,3,1,9,1.0,-0.03716195082186041,9.667094888403518,0.417,4,-11.404115270560391,-11.404115270560391,"MPS, L=9, bc='finite'.
chi: [4, 15, 35, 48, 48, 35, 15, 4]
sites: SpinHalfFermionSite('N', 'Sz', 1.000000) SpinHalfFermionSite('N', 'Sz', 1.000000) SpinHalfFermionSite('N', 'Sz', 1.000000) SpinHalfFermionSite('N', 'Sz', 1.000000) SpinHalfFermionSite('N', 'Sz', 1.000000) SpinHalfFermionSite('N', 'Sz', 1.000000) SpinHalfFermionSite('N', 'Sz', 1.000000) SpinHalfFermionSite('N', 'Sz', 1.000000) SpinHalfFermionSite('N', 'Sz', 1.000000)
forms: (1.0, 0.0) (1.0, 0.0) (0.0, 1.0) (0.0, 1.0) (0.0, 1.0) (0.0, 1.0) (0.0, 1.0) (0.0, 1.0) (0.0, 1.0)",True,54.41322875022888
Kagome_Hubbard_068,3,1,9,1.0,-0.06665667479142703,0.18460637351041065,1.2,11,-13.234225897372752,-13.234225897372752,"MPS, L=9, bc='finite'.
chi: [4, 16, 64, 204, 204, 64, 16, 4]
sites: SpinHalfFermionSite('N', 'Sz', 1.000000) SpinHalfFermionSite('N', 'Sz', 1.000000) SpinHalfFermionSite('N', 'Sz', 1.000000) SpinHalfFermionSite('N', 'Sz', 1.000000) SpinHalfFermionSite('N', 'Sz', 1.000000) SpinHalfFermionSite('N', 'Sz', 1.000000) SpinHalfFermionSite('N', 'Sz', 1.000000) SpinHalfFermionSite('N', 'Sz', 1.000000) SpinHalfFermionSite('N', 'Sz', 1.000000)
forms: (0.0, 1.0) (0.0, 1.0) (0.0, 1.0) (0.0, 1.0) (0.0, 1.0) (0.0, 1.0) (0.0, 1.0) (0.0, 1.0) (0.0, 1.0)",True,92.05877184867859
Kagome_Hubbard_069,3,1,9,1.0,-0.24550761804697485,0.9845476837865096,0.8,7,-15.095331503733906,-15.095331503733906,"MPS, L=9, bc='finite'.
chi: [4, 16, 64, 205, 205, 64, 16, 4]
sites: SpinHalfFermionSite('N', 'Sz', 1.000000) SpinHalfFermionSite('N', 'Sz', 1.000000) SpinHalfFermionSite('N', 'Sz', 1.000000) SpinHalfFermionSite('N', 'Sz', 1.000000) SpinHalfFermionSite('N', 'Sz', 1.000000) SpinHalfFermionSite('N', 'Sz', 1.000000) SpinHalfFermionSite('N', 'Sz', 1.000000) SpinHalfFermionSite('N', 'Sz', 1.000000) SpinHalfFermionSite('N', 'Sz', 1.000000)
forms: (0.0, 1.0) (0.0, 1.0) (0.0, 1.0) (0.0, 1.0) (0.0, 1.0) (0.0, 1.0) (0.0, 1.0) (0.0, 1.0) (0.0, 1.0)",True,80.90815162658691
Kagome_Hubbard_070,3,1,9,1.0,0.19616810172956967,1.4043113577915658,1.0,9,-14.80477950281029,-14.80477950281029,"MPS, L=9, bc='finite'.
chi: [4, 16, 64, 256, 256, 64, 16, 4]
sites: SpinHalfFermionSite('N', 'Sz', 1.000000) SpinHalfFermionSite('N', 'Sz', 1.000000) SpinHalfFermionSite('N', 'Sz', 1.000000) SpinHalfFermionSite('N', 'Sz', 1.000000) SpinHalfFermionSite('N', 'Sz', 1.000000) SpinHalfFermionSite('N', 'Sz', 1.000000) SpinHalfFermionSite('N', 'Sz', 1.000000) SpinHalfFermionSite('N', 'Sz', 1.000000) SpinHalfFermionSite('N', 'Sz', 1.000000)
forms: (0.0, 1.0) (0.0, 1.0) (0.0, 1.0) (0.0, 1.0) (0.0, 1.0) (0.0, 1.0) (0.0, 1.0) (0.0, 1.0) (0.0, 1.0)",True,78.5718834400177
Kagome_Hubbard_071,3,1,9,1.0,-0.1586842928542485,9.409399768591765,1.2,11,10.954426015059896,10.954426015059896,"MPS, L=9, bc='finite'.
chi: [4, 16, 64, 205, 205, 64, 16, 4]
sites: SpinHalfFermionSite('N', 'Sz', 1.000000) SpinHalfFermionSite('N', 'Sz', 1.000000) SpinHalfFermionSite('N', 'Sz', 1.000000) SpinHalfFermionSite('N', 'Sz', 1.000000) SpinHalfFermionSite('N', 'Sz', 1.000000) SpinHalfFermionSite('N', 'Sz', 1.000000) SpinHalfFermionSite('N', 'Sz', 1.000000) SpinHalfFermionSite('N', 'Sz', 1.000000) SpinHalfFermionSite('N', 'Sz', 1.000000)
forms: (0.0, 1.0) (0.0, 1.0) (0.0, 1.0) (0.0, 1.0) (0.0, 1.0) (0.0, 1.0) (0.0, 1.0) (0.0, 1.0) (0.0, 1.0)",True,184.343998670578
Kagome_Hubbard_072,3,1,9,1.0,0.1966865213515947,0.7078787364716167,0.8,7,-18.939909900911303,-18.939909900911303,"MPS, L=9, bc='finite'.
chi: [4, 16, 64, 204, 205, 64, 16, 4]
sites: SpinHalfFermionSite('N', 'Sz', 1.000000) SpinHalfFermionSite('N', 'Sz', 1.000000) SpinHalfFermionSite('N', 'Sz', 1.000000) SpinHalfFermionSite('N', 'Sz', 1.000000) SpinHalfFermionSite('N', 'Sz', 1.000000) SpinHalfFermionSite('N', 'Sz', 1.000000) SpinHalfFermionSite('N', 'Sz', 1.000000) SpinHalfFermionSite('N', 'Sz', 1.000000) SpinHalfFermionSite('N', 'Sz', 1.000000)
forms: (0.0, 1.0) (0.0, 1.0) (0.0, 1.0) (0.0, 1.0) (0.0, 1.0) (0.0, 1.0) (0.0, 1.0) (0.0, 1.0) (0.0, 1.0)",True,77.39287781715393
Kagome_Hubbard_073,3,1,9,1.0,0.11794055186629299,1.7031909291605005,0.417,4,-13.996233942524295,-13.996233942524295,"MPS, L=9, bc='finite'.
chi: [4, 15, 35, 48, 48, 35, 15, 4]
sites: SpinHalfFermionSite('N', 'Sz', 1.000000) SpinHalfFermionSite('N', 'Sz', 1.000000) SpinHalfFermionSite('N', 'Sz', 1.000000) SpinHalfFermionSite('N', 'Sz', 1.000000) SpinHalfFermionSite('N', 'Sz', 1.000000) SpinHalfFermionSite('N', 'Sz', 1.000000) SpinHalfFermionSite('N', 'Sz', 1.000000) SpinHalfFermionSite('N', 'Sz', 1.000000) SpinHalfFermionSite('N', 'Sz', 1.000000)
forms: (1.0, 0.0) (1.0, 0.0) (0.0, 1.0) (0.0, 1.0) (0.0, 1.0) (0.0, 1.0) (0.0, 1.0) (0.0, 1.0) (0.0, 1.0)",True,47.98885178565979
Kagome_Hubbard_074,3,1,9,1.0,0.22088566167321738,3.286114557568028,0.333,3,-12.039540717223574,-12.039540717223574,"MPS, L=9, bc='finite'.
chi: [4, 11, 17, 20, 20, 17, 11, 4]
sites: SpinHalfFermionSite('N', 'Sz', 1.000000) SpinHalfFermionSite('N', 'Sz', 1.000000) SpinHalfFermionSite('N', 'Sz', 1.000000) SpinHalfFermionSite('N', 'Sz', 1.000000) SpinHalfFermionSite('N', 'Sz', 1.000000) SpinHalfFermionSite('N', 'Sz', 1.000000) SpinHalfFermionSite('N', 'Sz', 1.000000) SpinHalfFermionSite('N', 'Sz', 1.000000) SpinHalfFermionSite('N', 'Sz', 1.000000)
forms: (1.0, 0.0) (1.0, 0.0) (0.0, 1.0) (0.0, 1.0) (0.0, 1.0) (0.0, 1.0) (0.0, 1.0) (0.0, 1.0) (0.0, 1.0)",True,25.208585262298584
Kagome_Hubbard_075,3,1,9,1.0,0.01968326435108092,7.332896314053983,0.417,4,-12.108451557587701,-12.108451557587701,"MPS, L=9, bc='finite'.
chi: [4, 15, 35, 48, 48, 35, 15, 4]
sites: SpinHalfFermionSite('N', 'Sz', 1.000000) SpinHalfFermionSite('N', 'Sz', 1.000000) SpinHalfFermionSite('N', 'Sz', 1.000000) SpinHalfFermionSite('N', 'Sz', 1.000000) SpinHalfFermionSite('N', 'Sz', 1.000000) SpinHalfFermionSite('N', 'Sz', 1.000000) SpinHalfFermionSite('N', 'Sz', 1.000000) SpinHalfFermionSite('N', 'Sz', 1.000000) SpinHalfFermionSite('N', 'Sz', 1.000000)
forms: (1.0, 0.0) (1.0, 0.0) (0.0, 1.0) (0.0, 1.0) (0.0, 1.0) (0.0, 1.0) (0.0, 1.0) (0.0, 1.0) (0.0, 1.0)",True,61.0046124458313
Kagome_Hubbard_076,3,1,9,1.0,0.16288504389899178,3.067366658936218,0.417,4,-14.061343082015965,-14.061343082015965,"MPS, L=9, bc='finite'.
chi: [4, 15, 35, 48, 48, 35, 15, 4]
sites: SpinHalfFermionSite('N', 'Sz', 1.000000) SpinHalfFermionSite('N', 'Sz', 1.000000) SpinHalfFermionSite('N', 'Sz', 1.000000) SpinHalfFermionSite('N', 'Sz', 1.000000) SpinHalfFermionSite('N', 'Sz', 1.000000) SpinHalfFermionSite('N', 'Sz', 1.000000) SpinHalfFermionSite('N', 'Sz', 1.000000) SpinHalfFermionSite('N', 'Sz', 1.000000) SpinHalfFermionSite('N', 'Sz', 1.000000)
forms: (1.0, 0.0) (1.0, 0.0) (0.0, 1.0) (0.0, 1.0) (0.0, 1.0) (0.0, 1.0) (0.0, 1.0) (0.0, 1.0) (0.0, 1.0)",True,47.3494176864624
Kagome_Hubbard_077,3,1,9,1.0,-0.26237780095272345,3.962796468959705,1.0,9,-8.907607656317754,-8.907607656317754,"MPS, L=9, bc='finite'.
chi: [4, 16, 64, 256, 256, 64, 16, 4]
sites: SpinHalfFermionSite('N', 'Sz', 1.000000) SpinHalfFermionSite('N', 'Sz', 1.000000) SpinHalfFermionSite('N', 'Sz', 1.000000) SpinHalfFermionSite('N', 'Sz', 1.000000) SpinHalfFermionSite('N', 'Sz', 1.000000) SpinHalfFermionSite('N', 'Sz', 1.000000) SpinHalfFermionSite('N', 'Sz', 1.000000) SpinHalfFermionSite('N', 'Sz', 1.000000) SpinHalfFermionSite('N', 'Sz', 1.000000)
forms: (0.0, 1.0) (0.0, 1.0) (0.0, 1.0) (0.0, 1.0) (0.0, 1.0) (0.0, 1.0) (0.0, 1.0) (0.0, 1.0) (0.0, 1.0)",True,99.059894323349
Kagome_Hubbard_078,3,1,9,1.0,-0.023245024754070864,5.04650567793024,0.417,4,-12.068956446659955,-12.068956446659955,"MPS, L=9, bc='finite'.
chi: [4, 15, 35, 48, 48, 35, 15, 4]
sites: SpinHalfFermionSite('N', 'Sz', 1.000000) SpinHalfFermionSite('N', 'Sz', 1.000000) SpinHalfFermionSite('N', 'Sz', 1.000000) SpinHalfFermionSite('N', 'Sz', 1.000000) SpinHalfFermionSite('N', 'Sz', 1.000000) SpinHalfFermionSite('N', 'Sz', 1.000000) SpinHalfFermionSite('N', 'Sz', 1.000000) SpinHalfFermionSite('N', 'Sz', 1.000000) SpinHalfFermionSite('N', 'Sz', 1.000000)
forms: (0.0, 1.0) (0.0, 1.0) (0.0, 1.0) (0.0, 1.0) (0.0, 1.0) (0.0, 1.0) (0.0, 1.0) (0.0, 1.0) (0.0, 1.0)",True,67.84865188598633
Kagome_Hubbard_079,3,1,9,1.0,-0.11038090905702808,7.072760059291238,0.333,3,-9.17014363181579,-9.17014363181579,"MPS, L=9, bc='finite'.
chi: [4, 11, 17, 20, 20, 17, 11, 4]
sites: SpinHalfFermionSite('N', 'Sz', 1.000000) SpinHalfFermionSite('N', 'Sz', 1.000000) SpinHalfFermionSite('N', 'Sz', 1.000000) SpinHalfFermionSite('N', 'Sz', 1.000000) SpinHalfFermionSite('N', 'Sz', 1.000000) SpinHalfFermionSite('N', 'Sz', 1.000000) SpinHalfFermionSite('N', 'Sz', 1.000000) SpinHalfFermionSite('N', 'Sz', 1.000000) SpinHalfFermionSite('N', 'Sz', 1.000000)
forms: (1.0, 0.0) (1.0, 0.0) (0.0, 1.0) (0.0, 1.0) (0.0, 1.0) (0.0, 1.0) (0.0, 1.0) (0.0, 1.0) (0.0, 1.0)",True,42.00049710273743
Kagome_Hubbard_080,3,1,9,1.0,0.012722012540091698,4.450419848538768,0.417,4,-12.474354851928645,-12.474354851928645,"MPS, L=9, bc='finite'.
chi: [4, 15, 35, 48, 48, 35, 15, 4]
sites: SpinHalfFermionSite('N', 'Sz', 1.000000) SpinHalfFermionSite('N', 'Sz', 1.000000) SpinHalfFermionSite('N', 'Sz', 1.000000) SpinHalfFermionSite('N', 'Sz', 1.000000) SpinHalfFermionSite('N', 'Sz', 1.000000) SpinHalfFermionSite('N', 'Sz', 1.000000) SpinHalfFermionSite('N', 'Sz', 1.000000) SpinHalfFermionSite('N', 'Sz', 1.000000) SpinHalfFermionSite('N', 'Sz', 1.000000)
forms: (1.0, 0.0) (1.0, 0.0) (0.0, 1.0) (0.0, 1.0) (0.0, 1.0) (0.0, 1.0) (0.0, 1.0) (0.0, 1.0) (0.0, 1.0)",True,66.45922303199768
Kagome_Hubbard_081,3,1,9,1.0,0.15299695080993753,1.6292151391066572,1.2,11,-9.4044856122113,-9.4044856122113,"MPS, L=9, bc='finite'.
chi: [4, 16, 64, 205, 205, 64, 16, 4]
sites: SpinHalfFermionSite('N', 'Sz', 1.000000) SpinHalfFermionSite('N', 'Sz', 1.000000) SpinHalfFermionSite('N', 'Sz', 1.000000) SpinHalfFermionSite('N', 'Sz', 1.000000) SpinHalfFermionSite('N', 'Sz', 1.000000) SpinHalfFermionSite('N', 'Sz', 1.000000) SpinHalfFermionSite('N', 'Sz', 1.000000) SpinHalfFermionSite('N', 'Sz', 1.000000) SpinHalfFermionSite('N', 'Sz', 1.000000)
forms: (0.0, 1.0) (0.0, 1.0) (0.0, 1.0) (0.0, 1.0) (0.0, 1.0) (0.0, 1.0) (0.0, 1.0) (0.0, 1.0) (0.0, 1.0)",True,114.34952163696289
Kagome_Hubbard_082,3,1,9,1.0,0.016258351128460913,0.5534881836704402,0.8,7,-17.62817000734327,-17.62817000734327,"MPS, L=9, bc='finite'.
chi: [4, 16, 64, 198, 203, 64, 16, 4]
sites: SpinHalfFermionSite('N', 'Sz', 1.000000) SpinHalfFermionSite('N', 'Sz', 1.000000) SpinHalfFermionSite('N', 'Sz', 1.000000) SpinHalfFermionSite('N', 'Sz', 1.000000) SpinHalfFermionSite('N', 'Sz', 1.000000) SpinHalfFermionSite('N', 'Sz', 1.000000) SpinHalfFermionSite('N', 'Sz', 1.000000) SpinHalfFermionSite('N', 'Sz', 1.000000) SpinHalfFermionSite('N', 'Sz', 1.000000)
forms: (0.0, 1.0) (0.0, 1.0) (0.0, 1.0) (0.0, 1.0) (0.0, 1.0) (0.0, 1.0) (0.0, 1.0) (0.0, 1.0) (0.0, 1.0)",True,111.26513767242432
Kagome_Hubbard_083,3,1,9,1.0,0.2481993682134927,0.6570740560923267,0.5,4,-15.467906929652827,-15.467906929652827,"MPS, L=9, bc='finite'.
chi: [4, 15, 35, 47, 47, 35, 15, 4]
sites: SpinHalfFermionSite('N', 'Sz', 1.000000) SpinHalfFermionSite('N', 'Sz', 1.000000) SpinHalfFermionSite('N', 'Sz', 1.000000) SpinHalfFermionSite('N', 'Sz', 1.000000) SpinHalfFermionSite('N', 'Sz', 1.000000) SpinHalfFermionSite('N', 'Sz', 1.000000) SpinHalfFermionSite('N', 'Sz', 1.000000) SpinHalfFermionSite('N', 'Sz', 1.000000) SpinHalfFermionSite('N', 'Sz', 1.000000)
forms: (1.0, 0.0) (1.0, 0.0) (0.0, 1.0) (0.0, 1.0) (0.0, 1.0) (0.0, 1.0) (0.0, 1.0) (0.0, 1.0) (0.0, 1.0)",True,65.19560980796814
Kagome_Hubbard_084,3,1,9,1.0,-0.10448268202583325,7.5887841132389795,0.417,4,-11.066987971178527,-11.066987971178527,"MPS, L=9, bc='finite'.
chi: [4, 15, 35, 48, 48, 35, 15, 4]
sites: SpinHalfFermionSite('N', 'Sz', 1.000000) SpinHalfFermionSite('N', 'Sz', 1.000000) SpinHalfFermionSite('N', 'Sz', 1.000000) SpinHalfFermionSite('N', 'Sz', 1.000000) SpinHalfFermionSite('N', 'Sz', 1.000000) SpinHalfFermionSite('N', 'Sz', 1.000000) SpinHalfFermionSite('N', 'Sz', 1.000000) SpinHalfFermionSite('N', 'Sz', 1.000000) SpinHalfFermionSite('N', 'Sz', 1.000000)
forms: (0.0, 1.0) (0.0, 1.0) (0.0, 1.0) (0.0, 1.0) (0.0, 1.0) (0.0, 1.0) (0.0, 1.0) (0.0, 1.0) (0.0, 1.0)",True,64.9796884059906
Kagome_Hubbard_085,3,1,9,1.0,0.29052826981960206,7.954821267977184,0.5,4,-14.342492321547795,-14.342492321547795,"MPS, L=9, bc='finite'.
chi: [4, 15, 35, 48, 48, 35, 15, 4]
sites: SpinHalfFermionSite('N', 'Sz', 1.000000) SpinHalfFermionSite('N', 'Sz', 1.000000) SpinHalfFermionSite('N', 'Sz', 1.000000) SpinHalfFermionSite('N', 'Sz', 1.000000) SpinHalfFermionSite('N', 'Sz', 1.000000) SpinHalfFermionSite('N', 'Sz', 1.000000) SpinHalfFermionSite('N', 'Sz', 1.000000) SpinHalfFermionSite('N', 'Sz', 1.000000) SpinHalfFermionSite('N', 'Sz', 1.000000)
forms: (1.0, 0.0) (1.0, 0.0) (0.0, 1.0) (0.0, 1.0) (0.0, 1.0) (0.0, 1.0) (0.0, 1.0) (0.0, 1.0) (0.0, 1.0)",True,67.32630920410156
Kagome_Hubbard_086,3,1,9,1.0,0.11139889906977712,6.439712723098371,0.5,4,-13.000650844373018,-13.000650844373018,"MPS, L=9, bc='finite'.
chi: [4, 15, 35, 48, 48, 35, 15, 4]
sites: SpinHalfFermionSite('N', 'Sz', 1.000000) SpinHalfFermionSite('N', 'Sz', 1.000000) SpinHalfFermionSite('N', 'Sz', 1.000000) SpinHalfFermionSite('N', 'Sz', 1.000000) SpinHalfFermionSite('N', 'Sz', 1.000000) SpinHalfFermionSite('N', 'Sz', 1.000000) SpinHalfFermionSite('N', 'Sz', 1.000000) SpinHalfFermionSite('N', 'Sz', 1.000000) SpinHalfFermionSite('N', 'Sz', 1.000000)
forms: (1.0, 0.0) (1.0, 0.0) (0.0, 1.0) (0.0, 1.0) (0.0, 1.0) (0.0, 1.0) (0.0, 1.0) (0.0, 1.0) (0.0, 1.0)",True,67.65888738632202
Kagome_Hubbard_087,3,1,9,1.0,0.13588900553299288,4.224015209072325,1.0,9,-10.135287624605237,-10.135287624605237,"MPS, L=9, bc='finite'.
chi: [4, 16, 64, 256, 256, 64, 16, 4]
sites: SpinHalfFermionSite('N', 'Sz', 1.000000) SpinHalfFermionSite('N', 'Sz', 1.000000) SpinHalfFermionSite('N', 'Sz', 1.000000) SpinHalfFermionSite('N', 'Sz', 1.000000) SpinHalfFermionSite('N', 'Sz', 1.000000) SpinHalfFermionSite('N', 'Sz', 1.000000) SpinHalfFermionSite('N', 'Sz', 1.000000) SpinHalfFermionSite('N', 'Sz', 1.000000) SpinHalfFermionSite('N', 'Sz', 1.000000)
forms: (0.0, 1.0) (0.0, 1.0) (0.0, 1.0) (0.0, 1.0) (0.0, 1.0) (0.0, 1.0) (0.0, 1.0) (0.0, 1.0) (0.0, 1.0)",True,126.845947265625
Kagome_Hubbard_088,3,1,9,1.0,0.10398735095895834,1.7974272308295831,0.417,4,-13.84751687949827,-13.84751687949827,"MPS, L=9, bc='finite'.
chi: [4, 15, 35, 48, 48, 35, 15, 4]
sites: SpinHalfFermionSite('N', 'Sz', 1.000000) SpinHalfFermionSite('N', 'Sz', 1.000000) SpinHalfFermionSite('N', 'Sz', 1.000000) SpinHalfFermionSite('N', 'Sz', 1.000000) SpinHalfFermionSite('N', 'Sz', 1.000000) SpinHalfFermionSite('N', 'Sz', 1.000000) SpinHalfFermionSite('N', 'Sz', 1.000000) SpinHalfFermionSite('N', 'Sz', 1.000000) SpinHalfFermionSite('N', 'Sz', 1.000000)
forms: (1.0, 0.0) (1.0, 0.0) (0.0, 1.0) (0.0, 1.0) (0.0, 1.0) (0.0, 1.0) (0.0, 1.0) (0.0, 1.0) (0.0, 1.0)",True,68.91341423988342
Kagome_Hubbard_089,3,1,9,1.0,-0.18450309541387094,6.587696787762605,0.417,4,-10.54412175550589,-10.54412175550589,"MPS, L=9, bc='finite'.
chi: [4, 15, 35, 48, 48, 35, 15, 4]
sites: SpinHalfFermionSite('N', 'Sz', 1.000000) SpinHalfFermionSite('N', 'Sz', 1.000000) SpinHalfFermionSite('N', 'Sz', 1.000000) SpinHalfFermionSite('N', 'Sz', 1.000000) SpinHalfFermionSite('N', 'Sz', 1.000000) SpinHalfFermionSite('N', 'Sz', 1.000000) SpinHalfFermionSite('N', 'Sz', 1.000000) SpinHalfFermionSite('N', 'Sz', 1.000000) SpinHalfFermionSite('N', 'Sz', 1.000000)
forms: (0.0, 1.0) (0.0, 1.0) (0.0, 1.0) (0.0, 1.0) (0.0, 1.0) (0.0, 1.0) (0.0, 1.0) (0.0, 1.0) (0.0, 1.0)",True,70.08043694496155
Kagome_Hubbard_090,3,1,9,1.0,-0.17268112546576647,5.4278790135814905,1.0,9,-7.777326981782315,-7.777326981782315,"MPS, L=9, bc='finite'.
chi: [4, 16, 64, 256, 256, 64, 16, 4]
sites: SpinHalfFermionSite('N', 'Sz', 1.000000) SpinHalfFermionSite('N', 'Sz', 1.000000) SpinHalfFermionSite('N', 'Sz', 1.000000) SpinHalfFermionSite('N', 'Sz', 1.000000) SpinHalfFermionSite('N', 'Sz', 1.000000) SpinHalfFermionSite('N', 'Sz', 1.000000) SpinHalfFermionSite('N', 'Sz', 1.000000) SpinHalfFermionSite('N', 'Sz', 1.000000) SpinHalfFermionSite('N', 'Sz', 1.000000)
forms: (0.0, 1.0) (0.0, 1.0) (0.0, 1.0) (0.0, 1.0) (0.0, 1.0) (0.0, 1.0) (0.0, 1.0) (0.0, 1.0) (0.0, 1.0)",True,126.74320602416992
Kagome_Hubbard_091,3,1,9,1.0,-0.20271574450798208,1.468247628146441,0.333,3,-8.82102819657257,-8.82102819657257,"MPS, L=9, bc='finite'.
chi: [4, 11, 17, 20, 20, 17, 11, 4]
sites: SpinHalfFermionSite('N', 'Sz', 1.000000) SpinHalfFermionSite('N', 'Sz', 1.000000) SpinHalfFermionSite('N', 'Sz', 1.000000) SpinHalfFermionSite('N', 'Sz', 1.000000) SpinHalfFermionSite('N', 'Sz', 1.000000) SpinHalfFermionSite('N', 'Sz', 1.000000) SpinHalfFermionSite('N', 'Sz', 1.000000) SpinHalfFermionSite('N', 'Sz', 1.000000) SpinHalfFermionSite('N', 'Sz', 1.000000)
forms: (1.0, 0.0) (1.0, 0.0) (0.0, 1.0) (0.0, 1.0) (0.0, 1.0) (0.0, 1.0) (0.0, 1.0) (0.0, 1.0) (0.0, 1.0)",True,43.02111577987671
Kagome_Hubbard_092,3,1,9,1.0,0.009873247682756714,3.1552067898549683,0.8,7,-14.88977288232807,-14.88977288232807,"MPS, L=9, bc='finite'.
chi: [4, 16, 64, 204, 205, 64, 16, 4]
sites: SpinHalfFermionSite('N', 'Sz', 1.000000) SpinHalfFermionSite('N', 'Sz', 1.000000) SpinHalfFermionSite('N', 'Sz', 1.000000) SpinHalfFermionSite('N', 'Sz', 1.000000) SpinHalfFermionSite('N', 'Sz', 1.000000) SpinHalfFermionSite('N', 'Sz', 1.000000) SpinHalfFermionSite('N', 'Sz', 1.000000) SpinHalfFermionSite('N', 'Sz', 1.000000) SpinHalfFermionSite('N', 'Sz', 1.000000)
forms: (0.0, 1.0) (0.0, 1.0) (0.0, 1.0) (0.0, 1.0) (0.0, 1.0) (0.0, 1.0) (0.0, 1.0) (0.0, 1.0) (0.0, 1.0)",True,115.12300539016724
Kagome_Hubbard_093,3,1,9,1.0,-0.2820668998114118,1.7288431189620452,0.5,4,-10.584454722233788,-10.584454722233788,"MPS, L=9, bc='finite'.
chi: [4, 15, 35, 48, 48, 35, 15, 4]
sites: SpinHalfFermionSite('N', 'Sz', 1.000000) SpinHalfFermionSite('N', 'Sz', 1.000000) SpinHalfFermionSite('N', 'Sz', 1.000000) SpinHalfFermionSite('N', 'Sz', 1.000000) SpinHalfFermionSite('N', 'Sz', 1.000000) SpinHalfFermionSite('N', 'Sz', 1.000000) SpinHalfFermionSite('N', 'Sz', 1.000000) SpinHalfFermionSite('N', 'Sz', 1.000000) SpinHalfFermionSite('N', 'Sz', 1.000000)
forms: (1.0, 0.0) (1.0, 0.0) (0.0, 1.0) (0.0, 1.0) (0.0, 1.0) (0.0, 1.0) (0.0, 1.0) (0.0, 1.0) (0.0, 1.0)",True,70.5584306716919
Kagome_Hubbard_094,3,1,9,1.0,0.16377610226223288,0.5540990527746907,0.417,4,-14.737191598637317,-14.737191598637317,"MPS, L=9, bc='finite'.
chi: [4, 15, 35, 47, 47, 35, 15, 4]
sites: SpinHalfFermionSite('N', 'Sz', 1.000000) SpinHalfFermionSite('N', 'Sz', 1.000000) SpinHalfFermionSite('N', 'Sz', 1.000000) SpinHalfFermionSite('N', 'Sz', 1.000000) SpinHalfFermionSite('N', 'Sz', 1.000000) SpinHalfFermionSite('N', 'Sz', 1.000000) SpinHalfFermionSite('N', 'Sz', 1.000000) SpinHalfFermionSite('N', 'Sz', 1.000000) SpinHalfFermionSite('N', 'Sz', 1.000000)
forms: (1.0, 0.0) (1.0, 0.0) (0.0, 1.0) (0.0, 1.0) (0.0, 1.0) (0.0, 1.0) (0.0, 1.0) (0.0, 1.0) (0.0, 1.0)",True,70.169193983078
Kagome_Hubbard_095,3,1,9,1.0,0.24682185287954866,1.3979745185088632,0.417,4,-15.237061251976646,-15.237061251976646,"MPS, L=9, bc='finite'.
chi: [4, 15, 35, 48, 48, 35, 15, 4]
sites: SpinHalfFermionSite('N', 'Sz', 1.000000) SpinHalfFermionSite('N', 'Sz', 1.000000) SpinHalfFermionSite('N', 'Sz', 1.000000) SpinHalfFermionSite('N', 'Sz', 1.000000) SpinHalfFermionSite('N', 'Sz', 1.000000) SpinHalfFermionSite('N', 'Sz', 1.000000) SpinHalfFermionSite('N', 'Sz', 1.000000) SpinHalfFermionSite('N', 'Sz', 1.000000) SpinHalfFermionSite('N', 'Sz', 1.000000)
forms: (0.0, 1.0) (0.0, 1.0) (0.0, 1.0) (0.0, 1.0) (0.0, 1.0) (0.0, 1.0) (0.0, 1.0) (0.0, 1.0) (0.0, 1.0)",True,66.39984202384949
Kagome_Hubbard_096,3,1,9,1.0,-0.05057138731974717,0.8444016645824088,0.333,3,-10.141761533507022,-10.141761533507022,"MPS, L=9, bc='finite'.
chi: [4, 11, 17, 20, 20, 17, 11, 4]
sites: SpinHalfFermionSite('N', 'Sz', 1.000000) SpinHalfFermionSite('N', 'Sz', 1.000000) SpinHalfFermionSite('N', 'Sz', 1.000000) SpinHalfFermionSite('N', 'Sz', 1.000000) SpinHalfFermionSite('N', 'Sz', 1.000000) SpinHalfFermionSite('N', 'Sz', 1.000000) SpinHalfFermionSite('N', 'Sz', 1.000000) SpinHalfFermionSite('N', 'Sz', 1.000000) SpinHalfFermionSite('N', 'Sz', 1.000000)
forms: (1.0, 0.0) (1.0, 0.0) (0.0, 1.0) (0.0, 1.0) (0.0, 1.0) (0.0, 1.0) (0.0, 1.0) (0.0, 1.0) (0.0, 1.0)",True,41.83981919288635
Kagome_Hubbard_097,3,1,9,1.0,-0.08397985997699167,1.46778910351491,0.5,4,-12.298089356752238,-12.298089356752238,"MPS, L=9, bc='finite'.
chi: [4, 15, 35, 48, 48, 35, 15, 4]
sites: SpinHalfFermionSite('N', 'Sz', 1.000000) SpinHalfFermionSite('N', 'Sz', 1.000000) SpinHalfFermionSite('N', 'Sz', 1.000000) SpinHalfFermionSite('N', 'Sz', 1.000000) SpinHalfFermionSite('N', 'Sz', 1.000000) SpinHalfFermionSite('N', 'Sz', 1.000000) SpinHalfFermionSite('N', 'Sz', 1.000000) SpinHalfFermionSite('N', 'Sz', 1.000000) SpinHalfFermionSite('N', 'Sz', 1.000000)
forms: (1.0, 0.0) (1.0, 0.0) (0.0, 1.0) (0.0, 1.0) (0.0, 1.0) (0.0, 1.0) (0.0, 1.0) (0.0, 1.0) (0.0, 1.0)",True,68.66313982009888
Kagome_Hubbard_098,3,1,9,1.0,-0.2145247527899089,3.684367734616877,0.417,4,-10.721536797738139,-10.721536797738139,"MPS, L=9, bc='finite'.
chi: [4, 15, 35, 48, 48, 35, 15, 4]
sites: SpinHalfFermionSite('N', 'Sz', 1.000000) SpinHalfFermionSite('N', 'Sz', 1.000000) SpinHalfFermionSite('N', 'Sz', 1.000000) SpinHalfFermionSite('N', 'Sz', 1.000000) SpinHalfFermionSite('N', 'Sz', 1.000000) SpinHalfFermionSite('N', 'Sz', 1.000000) SpinHalfFermionSite('N', 'Sz', 1.000000) SpinHalfFermionSite('N', 'Sz', 1.000000) SpinHalfFermionSite('N', 'Sz', 1.000000)
forms: (1.0, 0.0) (1.0, 0.0) (0.0, 1.0) (0.0, 1.0) (0.0, 1.0) (0.0, 1.0) (0.0, 1.0) (0.0, 1.0) (0.0, 1.0)",True,70.73989677429199
Kagome_Hubbard_099,3,1,9,1.0,-0.14257387531178428,2.6605600944684458,0.417,4,-11.514574806631678,-11.514574806631678,"MPS, L=9, bc='finite'.
chi: [4, 15, 35, 48, 48, 35, 15, 4]
sites: SpinHalfFermionSite('N', 'Sz', 1.000000) SpinHalfFermionSite('N', 'Sz', 1.000000) SpinHalfFermionSite('N', 'Sz', 1.000000) SpinHalfFermionSite('N', 'Sz', 1.000000) SpinHalfFermionSite('N', 'Sz', 1.000000) SpinHalfFermionSite('N', 'Sz', 1.000000) SpinHalfFermionSite('N', 'Sz', 1.000000) SpinHalfFermionSite('N', 'Sz', 1.000000) SpinHalfFermionSite('N', 'Sz', 1.000000)
forms: (1.0, 0.0) (1.0, 0.0) (0.0, 1.0) (0.0, 1.0) (0.0, 1.0) (0.0, 1.0) (0.0, 1.0) (0.0, 1.0) (0.0, 1.0)",True,73.46804690361023
Kagome_Hubbard_100,3,1,9,1.0,-0.26153902054471584,2.921841684715062,0.417,4,-10.486779920416089,-10.486779920416089,"MPS, L=9, bc='finite'.
chi: [4, 15, 35, 48, 48, 35, 15, 4]
sites: SpinHalfFermionSite('N', 'Sz', 1.000000) SpinHalfFermionSite('N', 'Sz', 1.000000) SpinHalfFermionSite('N', 'Sz', 1.000000) SpinHalfFermionSite('N', 'Sz', 1.000000) SpinHalfFermionSite('N', 'Sz', 1.000000) SpinHalfFermionSite('N', 'Sz', 1.000000) SpinHalfFermionSite('N', 'Sz', 1.000000) SpinHalfFermionSite('N', 'Sz', 1.000000) SpinHalfFermionSite('N', 'Sz', 1.000000)
forms: (1.0, 0.0) (1.0, 0.0) (0.0, 1.0) (0.0, 1.0) (0.0, 1.0) (0.0, 1.0) (0.0, 1.0) (0.0, 1.0) (0.0, 1.0)",True,73.96734166145325
Kagome_Hubbard_101,3,1,9,1.0,-0.1140874330546931,4.771943716142637,0.333,3,-9.236482970334146,-9.236482970334146,"MPS, L=9, bc='finite'.
chi: [4, 11, 17, 20, 20, 17, 11, 4]
sites: SpinHalfFermionSite('N', 'Sz', 1.000000) SpinHalfFermionSite('N', 'Sz', 1.000000) SpinHalfFermionSite('N', 'Sz', 1.000000) SpinHalfFermionSite('N', 'Sz', 1.000000) SpinHalfFermionSite('N', 'Sz', 1.000000) SpinHalfFermionSite('N', 'Sz', 1.000000) SpinHalfFermionSite('N', 'Sz', 1.000000) SpinHalfFermionSite('N', 'Sz', 1.000000) SpinHalfFermionSite('N', 'Sz', 1.000000)
forms: (1.0, 0.0) (1.0, 0.0) (0.0, 1.0) (0.0, 1.0) (0.0, 1.0) (0.0, 1.0) (0.0, 1.0) (0.0, 1.0) (0.0, 1.0)",True,46.44963836669922
Kagome_Hubbard_102,3,1,9,1.0,-0.07654079123847005,4.935773420577355,0.8,7,-12.910820069785302,-12.910820069785302,"MPS, L=9, bc='finite'.
chi: [4, 16, 64, 205, 205, 64, 16, 4]
sites: SpinHalfFermionSite('N', 'Sz', 1.000000) SpinHalfFermionSite('N', 'Sz', 1.000000) SpinHalfFermionSite('N', 'Sz', 1.000000) SpinHalfFermionSite('N', 'Sz', 1.000000) SpinHalfFermionSite('N', 'Sz', 1.000000) SpinHalfFermionSite('N', 'Sz', 1.000000) SpinHalfFermionSite('N', 'Sz', 1.000000) SpinHalfFermionSite('N', 'Sz', 1.000000) SpinHalfFermionSite('N', 'Sz', 1.000000)
forms: (0.0, 1.0) (0.0, 1.0) (0.0, 1.0) (0.0, 1.0) (0.0, 1.0) (0.0, 1.0) (0.0, 1.0) (0.0, 1.0) (0.0, 1.0)",True,120.98217368125916
Kagome_Hubbard_103,3,1,9,1.0,-0.2852808891932072,1.0603537417309519,0.417,4,-10.732002756292378,-10.732002756292378,"MPS, L=9, bc='finite'.
chi: [4, 15, 35, 47, 48, 35, 15, 4]
sites: SpinHalfFermionSite('N', 'Sz', 1.000000) SpinHalfFermionSite('N', 'Sz', 1.000000) SpinHalfFermionSite('N', 'Sz', 1.000000) SpinHalfFermionSite('N', 'Sz', 1.000000) SpinHalfFermionSite('N', 'Sz', 1.000000) SpinHalfFermionSite('N', 'Sz', 1.000000) SpinHalfFermionSite('N', 'Sz', 1.000000) SpinHalfFermionSite('N', 'Sz', 1.000000) SpinHalfFermionSite('N', 'Sz', 1.000000)
forms: (1.0, 0.0) (1.0, 0.0) (0.0, 1.0) (0.0, 1.0) (0.0, 1.0) (0.0, 1.0) (0.0, 1.0) (0.0, 1.0) (0.0, 1.0)",True,73.95623064041138
Kagome_Hubbard_104,3,1,9,1.0,0.045384013904320675,8.158419052838333,1.0,9,-6.4533442332083935,-6.4533442332083935,"MPS, L=9, bc='finite'.
chi: [4, 16, 64, 256, 256, 64, 16, 4]
sites: SpinHalfFermionSite('N', 'Sz', 1.000000) SpinHalfFermionSite('N', 'Sz', 1.000000) SpinHalfFermionSite('N', 'Sz', 1.000000) SpinHalfFermionSite('N', 'Sz', 1.000000) SpinHalfFermionSite('N', 'Sz', 1.000000) SpinHalfFermionSite('N', 'Sz', 1.000000) SpinHalfFermionSite('N', 'Sz', 1.000000) SpinHalfFermionSite('N', 'Sz', 1.000000) SpinHalfFermionSite('N', 'Sz', 1.000000)
forms: (0.0, 1.0) (0.0, 1.0) (0.0, 1.0) (0.0, 1.0) (0.0, 1.0) (0.0, 1.0) (0.0, 1.0) (0.0, 1.0) (0.0, 1.0)",True,143.5913484096527
Kagome_Hubbard_105,3,1,9,1.0,0.0735161100228584,0.9706401291566673,0.8,7,-17.598397730488223,-17.598397730488223,"MPS, L=9, bc='finite'.
chi: [4, 16, 64, 204, 204, 64, 16, 4]
sites: SpinHalfFermionSite('N', 'Sz', 1.000000) SpinHalfFermionSite('N', 'Sz', 1.000000) SpinHalfFermionSite('N', 'Sz', 1.000000) SpinHalfFermionSite('N', 'Sz', 1.000000) SpinHalfFermionSite('N', 'Sz', 1.000000) SpinHalfFermionSite('N', 'Sz', 1.000000) SpinHalfFermionSite('N', 'Sz', 1.000000) SpinHalfFermionSite('N', 'Sz', 1.000000) SpinHalfFermionSite('N', 'Sz', 1.000000)
forms: (0.0, 1.0) (0.0, 1.0) (0.0, 1.0) (0.0, 1.0) (0.0, 1.0) (0.0, 1.0) (0.0, 1.0) (0.0, 1.0) (0.0, 1.0)",True,112.32930850982666
Kagome_Hubbard_106,3,1,9,1.0,-0.09892050319223092,9.137746481358715,0.5,4,-10.960928266340666,-10.960928266340666,"MPS, L=9, bc='finite'.
chi: [4, 15, 35, 48, 48, 35, 15, 4]
sites: SpinHalfFermionSite('N', 'Sz', 1.000000) SpinHalfFermionSite('N', 'Sz', 1.000000) SpinHalfFermionSite('N', 'Sz', 1.000000) SpinHalfFermionSite('N', 'Sz', 1.000000) SpinHalfFermionSite('N', 'Sz', 1.000000) SpinHalfFermionSite('N', 'Sz', 1.000000) SpinHalfFermionSite('N', 'Sz', 1.000000) SpinHalfFermionSite('N', 'Sz', 1.000000) SpinHalfFermionSite('N', 'Sz', 1.000000)
forms: (0.0, 1.0) (0.0, 1.0) (0.0, 1.0) (0.0, 1.0) (0.0, 1.0) (0.0, 1.0) (0.0, 1.0) (0.0, 1.0) (0.0, 1.0)",True,67.28870677947998
Kagome_Hubbard_107,3,1,9,1.0,-0.11498080180235043,5.944896541625441,0.417,4,-11.178958476232705,-11.178958476232705,"MPS, L=9, bc='finite'.
chi: [4, 15, 35, 48, 48, 35, 15, 4]
sites: SpinHalfFermionSite('N', 'Sz', 1.000000) SpinHalfFermionSite('N', 'Sz', 1.000000) SpinHalfFermionSite('N', 'Sz', 1.000000) SpinHalfFermionSite('N', 'Sz', 1.000000) SpinHalfFermionSite('N', 'Sz', 1.000000) SpinHalfFermionSite('N', 'Sz', 1.000000) SpinHalfFermionSite('N', 'Sz', 1.000000) SpinHalfFermionSite('N', 'Sz', 1.000000) SpinHalfFermionSite('N', 'Sz', 1.000000)
forms: (0.0, 1.0) (0.0, 1.0) (0.0, 1.0) (0.0, 1.0) (0.0, 1.0) (0.0, 1.0) (0.0, 1.0) (0.0, 1.0) (0.0, 1.0)",True,67.6216971874237
Kagome_Hubbard_108,3,1,9,1.0,0.1615313637908788,2.648284076131408,0.333,3,-11.6274769411855,-11.6274769411855,"MPS, L=9, bc='finite'.
chi: [4, 11, 17, 20, 20, 17, 11, 4]
sites: SpinHalfFermionSite('N', 'Sz', 1.000000) SpinHalfFermionSite('N', 'Sz', 1.000000) SpinHalfFermionSite('N', 'Sz', 1.000000) SpinHalfFermionSite('N', 'Sz', 1.000000) SpinHalfFermionSite('N', 'Sz', 1.000000) SpinHalfFermionSite('N', 'Sz', 1.000000) SpinHalfFermionSite('N', 'Sz', 1.000000) SpinHalfFermionSite('N', 'Sz', 1.000000) SpinHalfFermionSite('N', 'Sz', 1.000000)
forms: (1.0, 0.0) (1.0, 0.0) (0.0, 1.0) (0.0, 1.0) (0.0, 1.0) (0.0, 1.0) (0.0, 1.0) (0.0, 1.0) (0.0, 1.0)",True,40.400736808776855
Kagome_Hubbard_109,3,1,9,1.0,0.24797934044122744,0.6504733881728858,0.5,4,-15.467942818707181,-15.467942818707181,"MPS, L=9, bc='finite'.
chi: [4, 15, 35, 47, 47, 35, 15, 4]
sites: SpinHalfFermionSite('N', 'Sz', 1.000000) SpinHalfFermionSite('N', 'Sz', 1.000000) SpinHalfFermionSite('N', 'Sz', 1.000000) SpinHalfFermionSite('N', 'Sz', 1.000000) SpinHalfFermionSite('N', 'Sz', 1.000000) SpinHalfFermionSite('N', 'Sz', 1.000000) SpinHalfFermionSite('N', 'Sz', 1.000000) SpinHalfFermionSite('N', 'Sz', 1.000000) SpinHalfFermionSite('N', 'Sz', 1.000000)
forms: (1.0, 0.0) (1.0, 0.0) (0.0, 1.0) (0.0, 1.0) (0.0, 1.0) (0.0, 1.0) (0.0, 1.0) (0.0, 1.0) (0.0, 1.0)",True,65.77152490615845
Kagome_Hubbard_110,3,1,9,1.0,-0.10192301863924694,5.52374147257739,1.2,11,2.1469725204953707,2.1469725204953707,"MPS, L=9, bc='finite'.
chi: [4, 16, 64, 205, 205, 64, 16, 4]
sites: SpinHalfFermionSite('N', 'Sz', 1.000000) SpinHalfFermionSite('N', 'Sz', 1.000000) SpinHalfFermionSite('N', 'Sz', 1.000000) SpinHalfFermionSite('N', 'Sz', 1.000000) SpinHalfFermionSite('N', 'Sz', 1.000000) SpinHalfFermionSite('N', 'Sz', 1.000000) SpinHalfFermionSite('N', 'Sz', 1.000000) SpinHalfFermionSite('N', 'Sz', 1.000000) SpinHalfFermionSite('N', 'Sz', 1.000000)
forms: (0.0, 1.0) (0.0, 1.0) (0.0, 1.0) (0.0, 1.0) (0.0, 1.0) (0.0, 1.0) (0.0, 1.0) (0.0, 1.0) (0.0, 1.0)",True,370.41242146492004
Kagome_Hubbard_111,3,1,9,1.0,0.09335282232285025,4.266329284845668,0.8,7,-14.647616199417634,-14.647616199417634,"MPS, L=9, bc='finite'.
chi: [4, 16, 64, 205, 205, 64, 16, 4]
sites: SpinHalfFermionSite('N', 'Sz', 1.000000) SpinHalfFermionSite('N', 'Sz', 1.000000) SpinHalfFermionSite('N', 'Sz', 1.000000) SpinHalfFermionSite('N', 'Sz', 1.000000) SpinHalfFermionSite('N', 'Sz', 1.000000) SpinHalfFermionSite('N', 'Sz', 1.000000) SpinHalfFermionSite('N', 'Sz', 1.000000) SpinHalfFermionSite('N', 'Sz', 1.000000) SpinHalfFermionSite('N', 'Sz', 1.000000)
forms: (0.0, 1.0) (0.0, 1.0) (0.0, 1.0) (0.0, 1.0) (0.0, 1.0) (0.0, 1.0) (0.0, 1.0) (0.0, 1.0) (0.0, 1.0)",True,112.82064867019653
Kagome_Hubbard_112,3,1,9,1.0,-0.22077204269045553,0.5634833473784913,0.5,4,-11.40411351410959,-11.40411351410959,"MPS, L=9, bc='finite'.
chi: [4, 15, 35, 48, 47, 35, 15, 4]
sites: SpinHalfFermionSite('N', 'Sz', 1.000000) SpinHalfFermionSite('N', 'Sz', 1.000000) SpinHalfFermionSite('N', 'Sz', 1.000000) SpinHalfFermionSite('N', 'Sz', 1.000000) SpinHalfFermionSite('N', 'Sz', 1.000000) SpinHalfFermionSite('N', 'Sz', 1.000000) SpinHalfFermionSite('N', 'Sz', 1.000000) SpinHalfFermionSite('N', 'Sz', 1.000000) SpinHalfFermionSite('N', 'Sz', 1.000000)
forms: (0.0, 1.0) (0.0, 1.0) (0.0, 1.0) (0.0, 1.0) (0.0, 1.0) (0.0, 1.0) (0.0, 1.0) (0.0, 1.0) (0.0, 1.0)",True,68.14225387573242
Kagome_Hubbard_113,3,1,9,1.0,-0.12049795810650962,2.2641269378847277,0.417,4,-11.789095752599245,-11.789095752599245,"MPS, L=9, bc='finite'.
chi: [4, 15, 35, 48, 48, 35, 15, 4]
sites: SpinHalfFermionSite('N', 'Sz', 1.000000) SpinHalfFermionSite('N', 'Sz', 1.000000) SpinHalfFermionSite('N', 'Sz', 1.000000) SpinHalfFermionSite('N', 'Sz', 1.000000) SpinHalfFermionSite('N', 'Sz', 1.000000) SpinHalfFermionSite('N', 'Sz', 1.000000) SpinHalfFermionSite('N', 'Sz', 1.000000) SpinHalfFermionSite('N', 'Sz', 1.000000) SpinHalfFermionSite('N', 'Sz', 1.000000)
forms: (1.0, 0.0) (1.0, 0.0) (0.0, 1.0) (0.0, 1.0) (0.0, 1.0) (0.0, 1.0) (0.0, 1.0) (0.0, 1.0) (0.0, 1.0)",True,67.00975489616394
Kagome_Hubbard_114,3,1,9,1.0,0.02646070445261578,8.265822951338365,0.417,4,-12.0573370866468,-12.0573370866468,"MPS, L=9, bc='finite'.
chi: [4, 15, 35, 48, 48, 35, 15, 4]
sites: SpinHalfFermionSite('N', 'Sz', 1.000000) SpinHalfFermionSite('N', 'Sz', 1.000000) SpinHalfFermionSite('N', 'Sz', 1.000000) SpinHalfFermionSite('N', 'Sz', 1.000000) SpinHalfFermionSite('N', 'Sz', 1.000000) SpinHalfFermionSite('N', 'Sz', 1.000000) SpinHalfFermionSite('N', 'Sz', 1.000000) SpinHalfFermionSite('N', 'Sz', 1.000000) SpinHalfFermionSite('N', 'Sz', 1.000000)
forms: (1.0, 0.0) (1.0, 0.0) (0.0, 1.0) (0.0, 1.0) (0.0, 1.0) (0.0, 1.0) (0.0, 1.0) (0.0, 1.0) (0.0, 1.0)",True,67.69828200340271
Kagome_Hubbard_115,3,1,9,1.0,0.2874092873697463,2.1604946371012392,1.0,9,-13.89044398639521,-13.89044398639521,"MPS, L=9, bc='finite'.
chi: [4, 16, 64, 256, 256, 64, 16, 4]
sites: SpinHalfFermionSite('N', 'Sz', 1.000000) SpinHalfFermionSite('N', 'Sz', 1.000000) SpinHalfFermionSite('N', 'Sz', 1.000000) SpinHalfFermionSite('N', 'Sz', 1.000000) SpinHalfFermionSite('N', 'Sz', 1.000000) SpinHalfFermionSite('N', 'Sz', 1.000000) SpinHalfFermionSite('N', 'Sz', 1.000000) SpinHalfFermionSite('N', 'Sz', 1.000000) SpinHalfFermionSite('N', 'Sz', 1.000000)
forms: (0.0, 1.0) (0.0, 1.0) (0.0, 1.0) (0.0, 1.0) (0.0, 1.0) (0.0, 1.0) (0.0, 1.0) (0.0, 1.0) (0.0, 1.0)",True,138.11180090904236
Kagome_Hubbard_116,3,1,9,1.0,0.18271157637769325,3.828018013229053,0.8,7,-15.693205068526542,-15.693205068526542,"MPS, L=9, bc='finite'.
chi: [4, 16, 64, 205, 205, 64, 16, 4]
sites: SpinHalfFermionSite('N', 'Sz', 1.000000) SpinHalfFermionSite('N', 'Sz', 1.000000) SpinHalfFermionSite('N', 'Sz', 1.000000) SpinHalfFermionSite('N', 'Sz', 1.000000) SpinHalfFermionSite('N', 'Sz', 1.000000) SpinHalfFermionSite('N', 'Sz', 1.000000) SpinHalfFermionSite('N', 'Sz', 1.000000) SpinHalfFermionSite('N', 'Sz', 1.000000) SpinHalfFermionSite('N', 'Sz', 1.000000)
forms: (0.0, 1.0) (0.0, 1.0) (0.0, 1.0) (0.0, 1.0) (0.0, 1.0) (0.0, 1.0) (0.0, 1.0) (0.0, 1.0) (0.0, 1.0)",True,112.90256714820862
Kagome_Hubbard_117,3,1,9,1.0,0.06920185655518796,1.551649832567392,1.2,11,-9.232794461821506,-9.232794461821506,"MPS, L=9, bc='finite'.
chi: [4, 16, 64, 205, 205, 64, 16, 4]
sites: SpinHalfFermionSite('N', 'Sz', 1.000000) SpinHalfFermionSite('N', 'Sz', 1.000000) SpinHalfFermionSite('N', 'Sz', 1.000000) SpinHalfFermionSite('N', 'Sz', 1.000000) SpinHalfFermionSite('N', 'Sz', 1.000000) SpinHalfFermionSite('N', 'Sz', 1.000000) SpinHalfFermionSite('N', 'Sz', 1.000000) SpinHalfFermionSite('N', 'Sz', 1.000000) SpinHalfFermionSite('N', 'Sz', 1.000000)
forms: (0.0, 1.0) (0.0, 1.0) (0.0, 1.0) (0.0, 1.0) (0.0, 1.0) (0.0, 1.0) (0.0, 1.0) (0.0, 1.0) (0.0, 1.0)",True,113.79245042800903
Kagome_Hubbard_118,3,1,9,1.0,0.048172810097871166,6.457134871839912,0.5,4,-12.46063527437359,-12.46063527437359,"MPS, L=9, bc='finite'.
chi: [4, 15, 35, 48, 48, 35, 15, 4]
sites: SpinHalfFermionSite('N', 'Sz', 1.000000) SpinHalfFermionSite('N', 'Sz', 1.000000) SpinHalfFermionSite('N', 'Sz', 1.000000) SpinHalfFermionSite('N', 'Sz', 1.000000) SpinHalfFermionSite('N', 'Sz', 1.000000) SpinHalfFermionSite('N', 'Sz', 1.000000) SpinHalfFermionSite('N', 'Sz', 1.000000) SpinHalfFermionSite('N', 'Sz', 1.000000) SpinHalfFermionSite('N', 'Sz', 1.000000)
forms: (0.0, 1.0) (0.0, 1.0) (0.0, 1.0) (0.0, 1.0) (0.0, 1.0) (0.0, 1.0) (0.0, 1.0) (0.0, 1.0) (0.0, 1.0)",True,67.56495308876038
Kagome_Hubbard_119,3,1,9,1.0,-0.012975335268076038,7.7598379890964715,0.417,4,-11.788964013593903,-11.788964013593903,"MPS, L=9, bc='finite'.
chi: [4, 15, 35, 48, 48, 35, 15, 4]
sites: SpinHalfFermionSite('N', 'Sz', 1.000000) SpinHalfFermionSite('N', 'Sz', 1.000000) SpinHalfFermionSite('N', 'Sz', 1.000000) SpinHalfFermionSite('N', 'Sz', 1.000000) SpinHalfFermionSite('N', 'Sz', 1.000000) SpinHalfFermionSite('N', 'Sz', 1.000000) SpinHalfFermionSite('N', 'Sz', 1.000000) SpinHalfFermionSite('N', 'Sz', 1.000000) SpinHalfFermionSite('N', 'Sz', 1.000000)
forms: (1.0, 0.0) (1.0, 0.0) (0.0, 1.0) (0.0, 1.0) (0.0, 1.0) (0.0, 1.0) (0.0, 1.0) (0.0, 1.0) (0.0, 1.0)",True,66.94811511039734
Kagome_Hubbard_120,3,1,9,1.0,-0.15077460249174557,1.829604527661774,0.5,4,-11.639552468782304,-11.639552468782304,"MPS, L=9, bc='finite'.
chi: [4, 15, 35, 48, 48, 35, 15, 4]
sites: SpinHalfFermionSite('N', 'Sz', 1.000000) SpinHalfFermionSite('N', 'Sz', 1.000000) SpinHalfFermionSite('N', 'Sz', 1.000000) SpinHalfFermionSite('N', 'Sz', 1.000000) SpinHalfFermionSite('N', 'Sz', 1.000000) SpinHalfFermionSite('N', 'Sz', 1.000000) SpinHalfFermionSite('N', 'Sz', 1.000000) SpinHalfFermionSite('N', 'Sz', 1.000000) SpinHalfFermionSite('N', 'Sz', 1.000000)
forms: (1.0, 0.0) (1.0, 0.0) (0.0, 1.0) (0.0, 1.0) (0.0, 1.0) (0.0, 1.0) (0.0, 1.0) (0.0, 1.0) (0.0, 1.0)",True,66.57512903213501
Kagome_Hubbard_121,3,1,9,1.0,-0.10183981189572655,8.815558949973246,0.333,3,-9.18047326815248,-9.18047326815248,"MPS, L=9, bc='finite'.
chi: [4, 11, 17, 20, 20, 17, 11, 4]
sites: SpinHalfFermionSite('N', 'Sz', 1.000000) SpinHalfFermionSite('N', 'Sz', 1.000000) SpinHalfFermionSite('N', 'Sz', 1.000000) SpinHalfFermionSite('N', 'Sz', 1.000000) SpinHalfFermionSite('N', 'Sz', 1.000000) SpinHalfFermionSite('N', 'Sz', 1.000000) SpinHalfFermionSite('N', 'Sz', 1.000000) SpinHalfFermionSite('N', 'Sz', 1.000000) SpinHalfFermionSite('N', 'Sz', 1.000000)
forms: (1.0, 0.0) (1.0, 0.0) (0.0, 1.0) (0.0, 1.0) (0.0, 1.0) (0.0, 1.0) (0.0, 1.0) (0.0, 1.0) (0.0, 1.0)",True,41.79603981971741
Kagome_Hubbard_122,3,1,9,1.0,-0.23682134827818174,7.118665608602997,1.2,11,6.027482826619967,6.027482826619967,"MPS, L=9, bc='finite'.
chi: [4, 16, 64, 205, 205, 64, 16, 4]
sites: SpinHalfFermionSite('N', 'Sz', 1.000000) SpinHalfFermionSite('N', 'Sz', 1.000000) SpinHalfFermionSite('N', 'Sz', 1.000000) SpinHalfFermionSite('N', 'Sz', 1.000000) SpinHalfFermionSite('N', 'Sz', 1.000000) SpinHalfFermionSite('N', 'Sz', 1.000000) SpinHalfFermionSite('N', 'Sz', 1.000000) SpinHalfFermionSite('N', 'Sz', 1.000000) SpinHalfFermionSite('N', 'Sz', 1.000000)
forms: (0.0, 1.0) (0.0, 1.0) (0.0, 1.0) (0.0, 1.0) (0.0, 1.0) (0.0, 1.0) (0.0, 1.0) (0.0, 1.0) (0.0, 1.0)",True,275.2949569225311
Kagome_Hubbard_123,3,1,9,1.0,-0.13419096244200382,8.627749169418049,1.2,11,9.201350981422836,9.201350981422836,"MPS, L=9, bc='finite'.
chi: [4, 16, 64, 205, 205, 64, 16, 4]
sites: SpinHalfFermionSite('N', 'Sz', 1.000000) SpinHalfFermionSite('N', 'Sz', 1.000000) SpinHalfFermionSite('N', 'Sz', 1.000000) SpinHalfFermionSite('N', 'Sz', 1.000000) SpinHalfFermionSite('N', 'Sz', 1.000000) SpinHalfFermionSite('N', 'Sz', 1.000000) SpinHalfFermionSite('N', 'Sz', 1.000000) SpinHalfFermionSite('N', 'Sz', 1.000000) SpinHalfFermionSite('N', 'Sz', 1.000000)
forms: (0.0, 1.0) (0.0, 1.0) (0.0, 1.0) (0.0, 1.0) (0.0, 1.0) (0.0, 1.0) (0.0, 1.0) (0.0, 1.0) (0.0, 1.0)",True,162.87470293045044
Kagome_Hubbard_124,3,1,9,1.0,0.13858520786556905,8.021797849800425,1.2,11,6.702992604713609,6.702992604713609,"MPS, L=9, bc='finite'.
chi: [4, 16, 64, 204, 205, 64, 16, 4]
sites: SpinHalfFermionSite('N', 'Sz', 1.000000) SpinHalfFermionSite('N', 'Sz', 1.000000) SpinHalfFermionSite('N', 'Sz', 1.000000) SpinHalfFermionSite('N', 'Sz', 1.000000) SpinHalfFermionSite('N', 'Sz', 1.000000) SpinHalfFermionSite('N', 'Sz', 1.000000) SpinHalfFermionSite('N', 'Sz', 1.000000) SpinHalfFermionSite('N', 'Sz', 1.000000) SpinHalfFermionSite('N', 'Sz', 1.000000)
forms: (0.0, 1.0) (0.0, 1.0) (0.0, 1.0) (0.0, 1.0) (0.0, 1.0) (0.0, 1.0) (0.0, 1.0) (0.0, 1.0) (0.0, 1.0)",True,196.55838751792908
Kagome_Hubbard_125,3,1,9,1.0,0.27647944018187226,7.644457579338273,1.2,11,5.007891426410428,5.007891426410428,"MPS, L=9, bc='finite'.
chi: [4, 16, 64, 205, 205, 64, 16, 4]
sites: SpinHalfFermionSite('N', 'Sz', 1.000000) SpinHalfFermionSite('N', 'Sz', 1.000000) SpinHalfFermionSite('N', 'Sz', 1.000000) SpinHalfFermionSite('N', 'Sz', 1.000000) SpinHalfFermionSite('N', 'Sz', 1.000000) SpinHalfFermionSite('N', 'Sz', 1.000000) SpinHalfFermionSite('N', 'Sz', 1.000000) SpinHalfFermionSite('N', 'Sz', 1.000000) SpinHalfFermionSite('N', 'Sz', 1.000000)
forms: (0.0, 1.0) (0.0, 1.0) (0.0, 1.0) (0.0, 1.0) (0.0, 1.0) (0.0, 1.0) (0.0, 1.0) (0.0, 1.0) (0.0, 1.0)",True,159.0136742591858
Kagome_Hubbard_126,3,1,9,1.0,0.0892553770099529,2.278496246399697,0.8,7,-16.32542321794979,-16.32542321794979,"MPS, L=9, bc='finite'.
chi: [4, 16, 64, 204, 205, 64, 16, 4]
sites: SpinHalfFermionSite('N', 'Sz', 1.000000) SpinHalfFermionSite('N', 'Sz', 1.000000) SpinHalfFermionSite('N', 'Sz', 1.000000) SpinHalfFermionSite('N', 'Sz', 1.000000) SpinHalfFermionSite('N', 'Sz', 1.000000) SpinHalfFermionSite('N', 'Sz', 1.000000) SpinHalfFermionSite('N', 'Sz', 1.000000) SpinHalfFermionSite('N', 'Sz', 1.000000) SpinHalfFermionSite('N', 'Sz', 1.000000)
forms: (0.0, 1.0) (0.0, 1.0) (0.0, 1.0) (0.0, 1.0) (0.0, 1.0) (0.0, 1.0) (0.0, 1.0) (0.0, 1.0) (0.0, 1.0)",True,112.27063226699829
Kagome_Hubbard_127,3,1,9,1.0,-0.2876653778404894,5.503444837996362,0.417,4,-9.87415278889485,-9.87415278889485,"MPS, L=9, bc='finite'.
chi: [4, 15, 35, 48, 48, 35, 15, 4]
sites: SpinHalfFermionSite('N', 'Sz', 1.000000) SpinHalfFermionSite('N', 'Sz', 1.000000) SpinHalfFermionSite('N', 'Sz', 1.000000) SpinHalfFermionSite('N', 'Sz', 1.000000) SpinHalfFermionSite('N', 'Sz', 1.000000) SpinHalfFermionSite('N', 'Sz', 1.000000) SpinHalfFermionSite('N', 'Sz', 1.000000) SpinHalfFermionSite('N', 'Sz', 1.000000) SpinHalfFermionSite('N', 'Sz', 1.000000)
forms: (1.0, 0.0) (1.0, 0.0) (0.0, 1.0) (0.0, 1.0) (0.0, 1.0) (0.0, 1.0) (0.0, 1.0) (0.0, 1.0) (0.0, 1.0)",True,73.16950583457947
Kagome_Hubbard_128,3,1,9,1.0,-0.1728075532689679,1.906198220460375,1.2,11,-7.4455772473703865,-7.4455772473703865,"MPS, L=9, bc='finite'.
chi: [4, 16, 64, 205, 205, 64, 16, 4]
sites: SpinHalfFermionSite('N', 'Sz', 1.000000) SpinHalfFermionSite('N', 'Sz', 1.000000) SpinHalfFermionSite('N', 'Sz', 1.000000) SpinHalfFermionSite('N', 'Sz', 1.000000) SpinHalfFermionSite('N', 'Sz', 1.000000) SpinHalfFermionSite('N', 'Sz', 1.000000) SpinHalfFermionSite('N', 'Sz', 1.000000) SpinHalfFermionSite('N', 'Sz', 1.000000) SpinHalfFermionSite('N', 'Sz', 1.000000)
forms: (0.0, 1.0) (0.0, 1.0) (0.0, 1.0) (0.0, 1.0) (0.0, 1.0) (0.0, 1.0) (0.0, 1.0) (0.0, 1.0) (0.0, 1.0)",True,115.29805016517639
Kagome_Hubbard_129,3,1,9,1.0,-0.16724148029323016,5.6007999817100025,0.417,4,-10.804085873243748,-10.804085873243748,"MPS, L=9, bc='finite'.
chi: [4, 15, 35, 48, 48, 35, 15, 4]
sites: SpinHalfFermionSite('N', 'Sz', 1.000000) SpinHalfFermionSite('N', 'Sz', 1.000000) SpinHalfFermionSite('N', 'Sz', 1.000000) SpinHalfFermionSite('N', 'Sz', 1.000000) SpinHalfFermionSite('N', 'Sz', 1.000000) SpinHalfFermionSite('N', 'Sz', 1.000000) SpinHalfFermionSite('N', 'Sz', 1.000000) SpinHalfFermionSite('N', 'Sz', 1.000000) SpinHalfFermionSite('N', 'Sz', 1.000000)
forms: (1.0, 0.0) (1.0, 0.0) (0.0, 1.0) (0.0, 1.0) (0.0, 1.0) (0.0, 1.0) (0.0, 1.0) (0.0, 1.0) (0.0, 1.0)",True,70.81503510475159
Kagome_Hubbard_130,3,1,9,1.0,0.034652458852631574,1.7461810312157227,0.8,7,-16.425222234427007,-16.425222234427007,"MPS, L=9, bc='finite'.
chi: [4, 16, 64, 204, 205, 64, 16, 4]
sites: SpinHalfFermionSite('N', 'Sz', 1.000000) SpinHalfFermionSite('N', 'Sz', 1.000000) SpinHalfFermionSite('N', 'Sz', 1.000000) SpinHalfFermionSite('N', 'Sz', 1.000000) SpinHalfFermionSite('N', 'Sz', 1.000000) SpinHalfFermionSite('N', 'Sz', 1.000000) SpinHalfFermionSite('N', 'Sz', 1.000000) SpinHalfFermionSite('N', 'Sz', 1.000000) SpinHalfFermionSite('N', 'Sz', 1.000000)
forms: (0.0, 1.0) (0.0, 1.0) (0.0, 1.0) (0.0, 1.0) (0.0, 1.0) (0.0, 1.0) (0.0, 1.0) (0.0, 1.0) (0.0, 1.0)",True,121.33992433547974
Kagome_Hubbard_131,3,1,9,1.0,-0.26670255072517396,8.127842475499747,0.333,3,-8.272308603211718,-8.272308603211718,"MPS, L=9, bc='finite'.
chi: [3, 7, 7, 14, 14, 7, 7, 3]
sites: SpinHalfFermionSite('N', 'Sz', 1.000000) SpinHalfFermionSite('N', 'Sz', 1.000000) SpinHalfFermionSite('N', 'Sz', 1.000000) SpinHalfFermionSite('N', 'Sz', 1.000000) SpinHalfFermionSite('N', 'Sz', 1.000000) SpinHalfFermionSite('N', 'Sz', 1.000000) SpinHalfFermionSite('N', 'Sz', 1.000000) SpinHalfFermionSite('N', 'Sz', 1.000000) SpinHalfFermionSite('N', 'Sz', 1.000000)
forms: (0.0, 1.0) (0.0, 1.0) (0.0, 1.0) (0.0, 1.0) (0.0, 1.0) (0.0, 1.0) (0.0, 1.0) (0.0, 1.0) (0.0, 1.0)",True,47.3447482585907
Kagome_Hubbard_132,3,1,9,1.0,-0.07714586361666598,4.391695376081866,1.0,9,-9.094742645929394,-9.094742645929394,"MPS, L=9, bc='finite'.
chi: [4, 16, 64, 256, 256, 64, 16, 4]
sites: SpinHalfFermionSite('N', 'Sz', 1.000000) SpinHalfFermionSite('N', 'Sz', 1.000000) SpinHalfFermionSite('N', 'Sz', 1.000000) SpinHalfFermionSite('N', 'Sz', 1.000000) SpinHalfFermionSite('N', 'Sz', 1.000000) SpinHalfFermionSite('N', 'Sz', 1.000000) SpinHalfFermionSite('N', 'Sz', 1.000000) SpinHalfFermionSite('N', 'Sz', 1.000000) SpinHalfFermionSite('N', 'Sz', 1.000000)
forms: (0.0, 1.0) (0.0, 1.0) (0.0, 1.0) (0.0, 1.0) (0.0, 1.0) (0.0, 1.0) (0.0, 1.0) (0.0, 1.0) (0.0, 1.0)",True,131.34627771377563
Kagome_Hubbard_133,3,1,9,1.0,-0.12040906209079502,3.7960033935746273,1.2,11,-2.0178570348202554,-2.0178570348202554,"MPS, L=9, bc='finite'.
chi: [4, 16, 64, 205, 205, 64, 16, 4]
sites: SpinHalfFermionSite('N', 'Sz', 1.000000) SpinHalfFermionSite('N', 'Sz', 1.000000) SpinHalfFermionSite('N', 'Sz', 1.000000) SpinHalfFermionSite('N', 'Sz', 1.000000) SpinHalfFermionSite('N', 'Sz', 1.000000) SpinHalfFermionSite('N', 'Sz', 1.000000) SpinHalfFermionSite('N', 'Sz', 1.000000) SpinHalfFermionSite('N', 'Sz', 1.000000) SpinHalfFermionSite('N', 'Sz', 1.000000)
forms: (0.0, 1.0) (0.0, 1.0) (0.0, 1.0) (0.0, 1.0) (0.0, 1.0) (0.0, 1.0) (0.0, 1.0) (0.0, 1.0) (0.0, 1.0)",True,253.26741242408752
Kagome_Hubbard_134,3,1,9,1.0,-0.20137808673891597,2.184756348133618,0.333,3,-8.765163707416955,-8.765163707416955,"MPS, L=9, bc='finite'.
chi: [4, 11, 17, 20, 20, 17, 11, 4]
sites: SpinHalfFermionSite('N', 'Sz', 1.000000) SpinHalfFermionSite('N', 'Sz', 1.000000) SpinHalfFermionSite('N', 'Sz', 1.000000) SpinHalfFermionSite('N', 'Sz', 1.000000) SpinHalfFermionSite('N', 'Sz', 1.000000) SpinHalfFermionSite('N', 'Sz', 1.000000) SpinHalfFermionSite('N', 'Sz', 1.000000) SpinHalfFermionSite('N', 'Sz', 1.000000) SpinHalfFermionSite('N', 'Sz', 1.000000)
forms: (1.0, 0.0) (1.0, 0.0) (0.0, 1.0) (0.0, 1.0) (0.0, 1.0) (0.0, 1.0) (0.0, 1.0) (0.0, 1.0) (0.0, 1.0)",True,42.27046084403992
Kagome_Hubbard_135,3,1,9,1.0,-0.05055434735448103,5.397686210544552,1.0,9,-8.192851037193021,-8.192851037193021,"MPS, L=9, bc='finite'.
chi: [4, 16, 64, 256, 256, 64, 16, 4]
sites: SpinHalfFermionSite('N', 'Sz', 1.000000) SpinHalfFermionSite('N', 'Sz', 1.000000) SpinHalfFermionSite('N', 'Sz', 1.000000) SpinHalfFermionSite('N', 'Sz', 1.000000) SpinHalfFermionSite('N', 'Sz', 1.000000) SpinHalfFermionSite('N', 'Sz', 1.000000) SpinHalfFermionSite('N', 'Sz', 1.000000) SpinHalfFermionSite('N', 'Sz', 1.000000) SpinHalfFermionSite('N', 'Sz', 1.000000)
forms: (0.0, 1.0) (0.0, 1.0) (0.0, 1.0) (0.0, 1.0) (0.0, 1.0) (0.0, 1.0) (0.0, 1.0) (0.0, 1.0) (0.0, 1.0)",True,121.38031458854675
Kagome_Hubbard_136,3,1,9,1.0,0.23154257193680533,3.058157469323491,0.417,4,-14.676634329857194,-14.676634329857194,"MPS, L=9, bc='finite'.
chi: [4, 15, 35, 48, 48, 35, 15, 4]
sites: SpinHalfFermionSite('N', 'Sz', 1.000000) SpinHalfFermionSite('N', 'Sz', 1.000000) SpinHalfFermionSite('N', 'Sz', 1.000000) SpinHalfFermionSite('N', 'Sz', 1.000000) SpinHalfFermionSite('N', 'Sz', 1.000000) SpinHalfFermionSite('N', 'Sz', 1.000000) SpinHalfFermionSite('N', 'Sz', 1.000000) SpinHalfFermionSite('N', 'Sz', 1.000000) SpinHalfFermionSite('N', 'Sz', 1.000000)
forms: (1.0, 0.0) (1.0, 0.0) (0.0, 1.0) (0.0, 1.0) (0.0, 1.0) (0.0, 1.0) (0.0, 1.0) (0.0, 1.0) (0.0, 1.0)",True,68.30021977424622
Kagome_Hubbard_137,3,1,9,1.0,-0.032605143185659435,8.642328296977624,1.0,9,-5.976237082391002,-5.976237082391002,"MPS, L=9, bc='finite'.
chi: [4, 16, 64, 256, 256, 64, 16, 4]
sites: SpinHalfFermionSite('N', 'Sz', 1.000000) SpinHalfFermionSite('N', 'Sz', 1.000000) SpinHalfFermionSite('N', 'Sz', 1.000000) SpinHalfFermionSite('N', 'Sz', 1.000000) SpinHalfFermionSite('N', 'Sz', 1.000000) SpinHalfFermionSite('N', 'Sz', 1.000000) SpinHalfFermionSite('N', 'Sz', 1.000000) SpinHalfFermionSite('N', 'Sz', 1.000000) SpinHalfFermionSite('N', 'Sz', 1.000000)
forms: (0.0, 1.0) (0.0, 1.0) (0.0, 1.0) (0.0, 1.0) (0.0, 1.0) (0.0, 1.0) (0.0, 1.0) (0.0, 1.0) (0.0, 1.0)",True,130.63714408874512
Kagome_Hubbard_138,3,1,9,1.0,0.09388489559633229,7.503151304194942,1.0,9,-7.010392263418819,-7.010392263418819,"MPS, L=9, bc='finite'.
chi: [4, 16, 64, 256, 256, 64, 16, 4]
sites: SpinHalfFermionSite('N', 'Sz', 1.000000) SpinHalfFermionSite('N', 'Sz', 1.000000) SpinHalfFermionSite('N', 'Sz', 1.000000) SpinHalfFermionSite('N', 'Sz', 1.000000) SpinHalfFermionSite('N', 'Sz', 1.000000) SpinHalfFermionSite('N', 'Sz', 1.000000) SpinHalfFermionSite('N', 'Sz', 1.000000) SpinHalfFermionSite('N', 'Sz', 1.000000) SpinHalfFermionSite('N', 'Sz', 1.000000)
forms: (0.0, 1.0) (0.0, 1.0) (0.0, 1.0) (0.0, 1.0) (0.0, 1.0) (0.0, 1.0) (0.0, 1.0) (0.0, 1.0) (0.0, 1.0)",True,130.97886991500854
Kagome_Hubbard_139,3,1,9,1.0,-0.27282737357106623,7.708313419885096,0.333,3,-8.246804896692247,-8.246804896692247,"MPS, L=9, bc='finite'.
chi: [3, 7, 7, 14, 14, 7, 7, 3]
sites: SpinHalfFermionSite('N', 'Sz', 1.000000) SpinHalfFermionSite('N', 'Sz', 1.000000) SpinHalfFermionSite('N', 'Sz', 1.000000) SpinHalfFermionSite('N', 'Sz', 1.000000) SpinHalfFermionSite('N', 'Sz', 1.000000) SpinHalfFermionSite('N', 'Sz', 1.000000) SpinHalfFermionSite('N', 'Sz', 1.000000) SpinHalfFermionSite('N', 'Sz', 1.000000) SpinHalfFermionSite('N', 'Sz', 1.000000)
forms: (0.0, 1.0) (0.0, 1.0) (0.0, 1.0) (0.0, 1.0) (0.0, 1.0) (0.0, 1.0) (0.0, 1.0) (0.0, 1.0) (0.0, 1.0)",True,43.199381828308105
Kagome_Hubbard_140,3,1,9,1.0,0.28944993855595486,1.0175911628525829,0.8,7,-19.36355521359251,-19.36355521359251,"MPS, L=9, bc='finite'.
chi: [4, 16, 64, 205, 205, 64, 16, 4]
sites: SpinHalfFermionSite('N', 'Sz', 1.000000) SpinHalfFermionSite('N', 'Sz', 1.000000) SpinHalfFermionSite('N', 'Sz', 1.000000) SpinHalfFermionSite('N', 'Sz', 1.000000) SpinHalfFermionSite('N', 'Sz', 1.000000) SpinHalfFermionSite('N', 'Sz', 1.000000) SpinHalfFermionSite('N', 'Sz', 1.000000) SpinHalfFermionSite('N', 'Sz', 1.000000) SpinHalfFermionSite('N', 'Sz', 1.000000)
forms: (0.0, 1.0) (0.0, 1.0) (0.0, 1.0) (0.0, 1.0) (0.0, 1.0) (0.0, 1.0) (0.0, 1.0) (0.0, 1.0) (0.0, 1.0)",True,113.4440484046936
Kagome_Hubbard_141,3,1,9,1.0,0.20908784574590306,1.24030700616634,0.5,4,-14.940485068641975,-14.940485068641975,"MPS, L=9, bc='finite'.
chi: [4, 15, 35, 48, 48, 35, 15, 4]
sites: SpinHalfFermionSite('N', 'Sz', 1.000000) SpinHalfFermionSite('N', 'Sz', 1.000000) SpinHalfFermionSite('N', 'Sz', 1.000000) SpinHalfFermionSite('N', 'Sz', 1.000000) SpinHalfFermionSite('N', 'Sz', 1.000000) SpinHalfFermionSite('N', 'Sz', 1.000000) SpinHalfFermionSite('N', 'Sz', 1.000000) SpinHalfFermionSite('N', 'Sz', 1.000000) SpinHalfFermionSite('N', 'Sz', 1.000000)
forms: (0.0, 1.0) (0.0, 1.0) (0.0, 1.0) (0.0, 1.0) (0.0, 1.0) (0.0, 1.0) (0.0, 1.0) (0.0, 1.0) (0.0, 1.0)",True,68.48604440689087
Kagome_Hubbard_142,3,1,9,1.0,-0.22312826982845768,0.28687426586335224,0.417,4,-11.470507391499385,-11.470507391499385,"MPS, L=9, bc='finite'.
chi: [4, 15, 35, 47, 47, 35, 15, 4]
sites: SpinHalfFermionSite('N', 'Sz', 1.000000) SpinHalfFermionSite('N', 'Sz', 1.000000) SpinHalfFermionSite('N', 'Sz', 1.000000) SpinHalfFermionSite('N', 'Sz', 1.000000) SpinHalfFermionSite('N', 'Sz', 1.000000) SpinHalfFermionSite('N', 'Sz', 1.000000) SpinHalfFermionSite('N', 'Sz', 1.000000) SpinHalfFermionSite('N', 'Sz', 1.000000) SpinHalfFermionSite('N', 'Sz', 1.000000)
forms: (0.0, 1.0) (0.0, 1.0) (0.0, 1.0) (0.0, 1.0) (0.0, 1.0) (0.0, 1.0) (0.0, 1.0) (0.0, 1.0) (0.0, 1.0)",True,68.88327050209045
Kagome_Hubbard_143,3,1,9,1.0,-0.16742899746386045,1.3829468964665788,0.417,4,-11.61510067872829,-11.61510067872829,"MPS, L=9, bc='finite'.
chi: [4, 15, 35, 48, 48, 35, 15, 4]
sites: SpinHalfFermionSite('N', 'Sz', 1.000000) SpinHalfFermionSite('N', 'Sz', 1.000000) SpinHalfFermionSite('N', 'Sz', 1.000000) SpinHalfFermionSite('N', 'Sz', 1.000000) SpinHalfFermionSite('N', 'Sz', 1.000000) SpinHalfFermionSite('N', 'Sz', 1.000000) SpinHalfFermionSite('N', 'Sz', 1.000000) SpinHalfFermionSite('N', 'Sz', 1.000000) SpinHalfFermionSite('N', 'Sz', 1.000000)
forms: (1.0, 0.0) (1.0, 0.0) (0.0, 1.0) (0.0, 1.0) (0.0, 1.0) (0.0, 1.0) (0.0, 1.0) (0.0, 1.0) (0.0, 1.0)",True,68.25147986412048
Kagome_Hubbard_144,3,1,9,1.0,0.20009350228167316,0.9501418415527736,0.8,7,-18.679119308352966,-18.679119308352966,"MPS, L=9, bc='finite'.
chi: [4, 16, 64, 204, 205, 64, 16, 4]
sites: SpinHalfFermionSite('N', 'Sz', 1.000000) SpinHalfFermionSite('N', 'Sz', 1.000000) SpinHalfFermionSite('N', 'Sz', 1.000000) SpinHalfFermionSite('N', 'Sz', 1.000000) SpinHalfFermionSite('N', 'Sz', 1.000000) SpinHalfFermionSite('N', 'Sz', 1.000000) SpinHalfFermionSite('N', 'Sz', 1.000000) SpinHalfFermionSite('N', 'Sz', 1.000000) SpinHalfFermionSite('N', 'Sz', 1.000000)
forms: (0.0, 1.0) (0.0, 1.0) (0.0, 1.0) (0.0, 1.0) (0.0, 1.0) (0.0, 1.0) (0.0, 1.0) (0.0, 1.0) (0.0, 1.0)",True,113.4556725025177
Kagome_Hubbard_145,3,1,9,1.0,-0.2634913751703082,0.9723574422340774,0.8,7,-14.978315299737764,-14.978315299737764,"MPS, L=9, bc='finite'.
chi: [4, 16, 64, 205, 205, 64, 16, 4]
sites: SpinHalfFermionSite('N', 'Sz', 1.000000) SpinHalfFermionSite('N', 'Sz', 1.000000) SpinHalfFermionSite('N', 'Sz', 1.000000) SpinHalfFermionSite('N', 'Sz', 1.000000) SpinHalfFermionSite('N', 'Sz', 1.000000) SpinHalfFermionSite('N', 'Sz', 1.000000) SpinHalfFermionSite('N', 'Sz', 1.000000) SpinHalfFermionSite('N', 'Sz', 1.000000) SpinHalfFermionSite('N', 'Sz', 1.000000)
forms: (0.0, 1.0) (0.0, 1.0) (0.0, 1.0) (0.0, 1.0) (0.0, 1.0) (0.0, 1.0) (0.0, 1.0) (0.0, 1.0) (0.0, 1.0)",True,113.91577935218811
Kagome_Hubbard_146,3,1,9,1.0,-0.11488961599629968,3.488034197477209,1.2,11,-2.891994533200836,-2.891994533200836,"MPS, L=9, bc='finite'.
chi: [4, 16, 64, 205, 205, 64, 16, 4]
sites: SpinHalfFermionSite('N', 'Sz', 1.000000) SpinHalfFermionSite('N', 'Sz', 1.000000) SpinHalfFermionSite('N', 'Sz', 1.000000) SpinHalfFermionSite('N', 'Sz', 1.000000) SpinHalfFermionSite('N', 'Sz', 1.000000) SpinHalfFermionSite('N', 'Sz', 1.000000) SpinHalfFermionSite('N', 'Sz', 1.000000) SpinHalfFermionSite('N', 'Sz', 1.000000) SpinHalfFermionSite('N', 'Sz', 1.000000)
forms: (0.0, 1.0) (0.0, 1.0) (0.0, 1.0) (0.0, 1.0) (0.0, 1.0) (0.0, 1.0) (0.0, 1.0) (0.0, 1.0) (0.0, 1.0)",True,116.1577320098877
Kagome_Hubbard_147,3,1,9,1.0,0.2141409805300994,6.771049707820193,0.333,3,-11.641643481274874,-11.641643481274874,"MPS, L=9, bc='finite'.
chi: [4, 11, 17, 20, 20, 17, 11, 4]
sites: SpinHalfFermionSite('N', 'Sz', 1.000000) SpinHalfFermionSite('N', 'Sz', 1.000000) SpinHalfFermionSite('N', 'Sz', 1.000000) SpinHalfFermionSite('N', 'Sz', 1.000000) SpinHalfFermionSite('N', 'Sz', 1.000000) SpinHalfFermionSite('N', 'Sz', 1.000000) SpinHalfFermionSite('N', 'Sz', 1.000000) SpinHalfFermionSite('N', 'Sz', 1.000000) SpinHalfFermionSite('N', 'Sz', 1.000000)
forms: (1.0, 0.0) (1.0, 0.0) (0.0, 1.0) (0.0, 1.0) (0.0, 1.0) (0.0, 1.0) (0.0, 1.0) (0.0, 1.0) (0.0, 1.0)",True,41.49869394302368
Kagome_Hubbard_148,3,1,9,1.0,-0.07093062518135501,3.515925122864341,0.8,7,-13.97448089419149,-13.97448089419149,"MPS, L=9, bc='finite'.
chi: [4, 16, 64, 205, 205, 64, 16, 4]
sites: SpinHalfFermionSite('N', 'Sz', 1.000000) SpinHalfFermionSite('N', 'Sz', 1.000000) SpinHalfFermionSite('N', 'Sz', 1.000000) SpinHalfFermionSite('N', 'Sz', 1.000000) SpinHalfFermionSite('N', 'Sz', 1.000000) SpinHalfFermionSite('N', 'Sz', 1.000000) SpinHalfFermionSite('N', 'Sz', 1.000000) SpinHalfFermionSite('N', 'Sz', 1.000000) SpinHalfFermionSite('N', 'Sz', 1.000000)
forms: (0.0, 1.0) (0.0, 1.0) (0.0, 1.0) (0.0, 1.0) (0.0, 1.0) (0.0, 1.0) (0.0, 1.0) (0.0, 1.0) (0.0, 1.0)",True,113.88884997367859
Kagome_Hubbard_149,3,1,9,1.0,-0.05267073461048505,5.367654317397379,1.2,11,1.6504310741603962,1.6504310741603962,"MPS, L=9, bc='finite'.
chi: [4, 16, 64, 205, 205, 64, 16, 4]
sites: SpinHalfFermionSite('N', 'Sz', 1.000000) SpinHalfFermionSite('N', 'Sz', 1.000000) SpinHalfFermionSite('N', 'Sz', 1.000000) SpinHalfFermionSite('N', 'Sz', 1.000000) SpinHalfFermionSite('N', 'Sz', 1.000000) SpinHalfFermionSite('N', 'Sz', 1.000000) SpinHalfFermionSite('N', 'Sz', 1.000000) SpinHalfFermionSite('N', 'Sz', 1.000000) SpinHalfFermionSite('N', 'Sz', 1.000000)
forms: (0.0, 1.0) (0.0, 1.0) (0.0, 1.0) (0.0, 1.0) (0.0, 1.0) (0.0, 1.0) (0.0, 1.0) (0.0, 1.0) (0.0, 1.0)",True,465.41288328170776
Kagome_Hubbard_150,3,1,9,1.0,0.12230514471462078,0.752618423924315,0.5,4,-14.305199020524926,-14.305199020524926,"MPS, L=9, bc='finite'.
chi: [4, 15, 35, 48, 47, 35, 15, 4]
sites: SpinHalfFermionSite('N', 'Sz', 1.000000) SpinHalfFermionSite('N', 'Sz', 1.000000) SpinHalfFermionSite('N', 'Sz', 1.000000) SpinHalfFermionSite('N', 'Sz', 1.000000) SpinHalfFermionSite('N', 'Sz', 1.000000) SpinHalfFermionSite('N', 'Sz', 1.000000) SpinHalfFermionSite('N', 'Sz', 1.000000) SpinHalfFermionSite('N', 'Sz', 1.000000) SpinHalfFermionSite('N', 'Sz', 1.000000)
forms: (0.0, 1.0) (0.0, 1.0) (0.0, 1.0) (0.0, 1.0) (0.0, 1.0) (0.0, 1.0) (0.0, 1.0) (0.0, 1.0) (0.0, 1.0)",True,69.0613522529602
Kagome_Hubbard_151,3,1,9,1.0,0.25074401042623534,5.0774127825494535,1.2,11,-0.8041121140541937,-0.8041121140541937,"MPS, L=9, bc='finite'.
chi: [4, 16, 64, 205, 205, 64, 16, 4]
sites: SpinHalfFermionSite('N', 'Sz', 1.000000) SpinHalfFermionSite('N', 'Sz', 1.000000) SpinHalfFermionSite('N', 'Sz', 1.000000) SpinHalfFermionSite('N', 'Sz', 1.000000) SpinHalfFermionSite('N', 'Sz', 1.000000) SpinHalfFermionSite('N', 'Sz', 1.000000) SpinHalfFermionSite('N', 'Sz', 1.000000) SpinHalfFermionSite('N', 'Sz', 1.000000) SpinHalfFermionSite('N', 'Sz', 1.000000)
forms: (0.0, 1.0) (0.0, 1.0) (0.0, 1.0) (0.0, 1.0) (0.0, 1.0) (0.0, 1.0) (0.0, 1.0) (0.0, 1.0) (0.0, 1.0)",True,117.28257250785828
Kagome_Hubbard_152,3,1,9,1.0,0.18003836513901944,7.693165936063033,0.417,4,-13.419069357267487,-13.419069357267487,"MPS, L=9, bc='finite'.
chi: [4, 15, 35, 48, 48, 35, 15, 4]
sites: SpinHalfFermionSite('N', 'Sz', 1.000000) SpinHalfFermionSite('N', 'Sz', 1.000000) SpinHalfFermionSite('N', 'Sz', 1.000000) SpinHalfFermionSite('N', 'Sz', 1.000000) SpinHalfFermionSite('N', 'Sz', 1.000000) SpinHalfFermionSite('N', 'Sz', 1.000000) SpinHalfFermionSite('N', 'Sz', 1.000000) SpinHalfFermionSite('N', 'Sz', 1.000000) SpinHalfFermionSite('N', 'Sz', 1.000000)
forms: (1.0, 0.0) (1.0, 0.0) (0.0, 1.0) (0.0, 1.0) (0.0, 1.0) (0.0, 1.0) (0.0, 1.0) (0.0, 1.0) (0.0, 1.0)",True,70.81129121780396
Kagome_Hubbard_153,3,1,9,1.0,-0.2208937402694871,4.744879403822711,1.0,9,-8.247513256102168,-8.247513256102168,"MPS, L=9, bc='finite'.
chi: [4, 16, 64, 256, 256, 64, 16, 4]
sites: SpinHalfFermionSite('N', 'Sz', 1.000000) SpinHalfFermionSite('N', 'Sz', 1.000000) SpinHalfFermionSite('N', 'Sz', 1.000000) SpinHalfFermionSite('N', 'Sz', 1.000000) SpinHalfFermionSite('N', 'Sz', 1.000000) SpinHalfFermionSite('N', 'Sz', 1.000000) SpinHalfFermionSite('N', 'Sz', 1.000000) SpinHalfFermionSite('N', 'Sz', 1.000000) SpinHalfFermionSite('N', 'Sz', 1.000000)
forms: (0.0, 1.0) (0.0, 1.0) (0.0, 1.0) (0.0, 1.0) (0.0, 1.0) (0.0, 1.0) (0.0, 1.0) (0.0, 1.0) (0.0, 1.0)",True,130.14296627044678
Kagome_Hubbard_154,3,1,9,1.0,0.09076624154143775,5.7541578346695,1.0,9,-8.364416792608752,-8.364416792608752,"MPS, L=9, bc='finite'.
chi: [4, 16, 64, 256, 256, 64, 16, 4]
sites: SpinHalfFermionSite('N', 'Sz', 1.000000) SpinHalfFermionSite('N', 'Sz', 1.000000) SpinHalfFermionSite('N', 'Sz', 1.000000) SpinHalfFermionSite('N', 'Sz', 1.000000) SpinHalfFermionSite('N', 'Sz', 1.000000) SpinHalfFermionSite('N', 'Sz', 1.000000) SpinHalfFermionSite('N', 'Sz', 1.000000) SpinHalfFermionSite('N', 'Sz', 1.000000) SpinHalfFermionSite('N', 'Sz', 1.000000)
forms: (0.0, 1.0) (0.0, 1.0) (0.0, 1.0) (0.0, 1.0) (0.0, 1.0) (0.0, 1.0) (0.0, 1.0) (0.0, 1.0) (0.0, 1.0)",True,139.9648356437683
Kagome_Hubbard_155,3,1,9,1.0,0.24989919330160976,4.2852487089240565,1.0,9,-10.565201007850142,-10.565201007850142,"MPS, L=9, bc='finite'.
chi: [4, 16, 64, 256, 256, 64, 16, 4]
sites: SpinHalfFermionSite('N', 'Sz', 1.000000) SpinHalfFermionSite('N', 'Sz', 1.000000) SpinHalfFermionSite('N', 'Sz', 1.000000) SpinHalfFermionSite('N', 'Sz', 1.000000) SpinHalfFermionSite('N', 'Sz', 1.000000) SpinHalfFermionSite('N', 'Sz', 1.000000) SpinHalfFermionSite('N', 'Sz', 1.000000) SpinHalfFermionSite('N', 'Sz', 1.000000) SpinHalfFermionSite('N', 'Sz', 1.000000)
forms: (0.0, 1.0) (0.0, 1.0) (0.0, 1.0) (0.0, 1.0) (0.0, 1.0) (0.0, 1.0) (0.0, 1.0) (0.0, 1.0) (0.0, 1.0)",True,138.90153813362122
Kagome_Hubbard_156,3,1,9,1.0,-0.19536542395704504,6.051777214924867,0.8,7,-11.439780584612713,-11.439780584612713,"MPS, L=9, bc='finite'.
chi: [4, 16, 64, 205, 205, 64, 16, 4]
sites: SpinHalfFermionSite('N', 'Sz', 1.000000) SpinHalfFermionSite('N', 'Sz', 1.000000) SpinHalfFermionSite('N', 'Sz', 1.000000) SpinHalfFermionSite('N', 'Sz', 1.000000) SpinHalfFermionSite('N', 'Sz', 1.000000) SpinHalfFermionSite('N', 'Sz', 1.000000) SpinHalfFermionSite('N', 'Sz', 1.000000) SpinHalfFermionSite('N', 'Sz', 1.000000) SpinHalfFermionSite('N', 'Sz', 1.000000)
forms: (0.0, 1.0) (0.0, 1.0) (0.0, 1.0) (0.0, 1.0) (0.0, 1.0) (0.0, 1.0) (0.0, 1.0) (0.0, 1.0) (0.0, 1.0)",True,122.28760266304016
Kagome_Hubbard_157,3,1,9,1.0,0.19931089895531934,5.007753458654029,1.0,9,-9.51935676325761,-9.51935676325761,"MPS, L=9, bc='finite'.
chi: [4, 16, 64, 256, 256, 64, 16, 4]
sites: SpinHalfFermionSite('N', 'Sz', 1.000000) SpinHalfFermionSite('N', 'Sz', 1.000000) SpinHalfFermionSite('N', 'Sz', 1.000000) SpinHalfFermionSite('N', 'Sz', 1.000000) SpinHalfFermionSite('N', 'Sz', 1.000000) SpinHalfFermionSite('N', 'Sz', 1.000000) SpinHalfFermionSite('N', 'Sz', 1.000000) SpinHalfFermionSite('N', 'Sz', 1.000000) SpinHalfFermionSite('N', 'Sz', 1.000000)
forms: (0.0, 1.0) (0.0, 1.0) (0.0, 1.0) (0.0, 1.0) (0.0, 1.0) (0.0, 1.0) (0.0, 1.0) (0.0, 1.0) (0.0, 1.0)",True,131.56902265548706
Kagome_Hubbard_158,3,1,9,1.0,-0.2008358205625223,7.405813234121112,1.2,11,6.620256230143451,6.620256230143451,"MPS, L=9, bc='finite'.
chi: [4, 16, 64, 205, 205, 64, 16, 4]
sites: SpinHalfFermionSite('N', 'Sz', 1.000000) SpinHalfFermionSite('N', 'Sz', 1.000000) SpinHalfFermionSite('N', 'Sz', 1.000000) SpinHalfFermionSite('N', 'Sz', 1.000000) SpinHalfFermionSite('N', 'Sz', 1.000000) SpinHalfFermionSite('N', 'Sz', 1.000000) SpinHalfFermionSite('N', 'Sz', 1.000000) SpinHalfFermionSite('N', 'Sz', 1.000000) SpinHalfFermionSite('N', 'Sz', 1.000000)
forms: (0.0, 1.0) (0.0, 1.0) (0.0, 1.0) (0.0, 1.0) (0.0, 1.0) (0.0, 1.0) (0.0, 1.0) (0.0, 1.0) (0.0, 1.0)",True,343.08148407936096
Kagome_Hubbard_159,3,1,9,1.0,0.01448846201044951,4.268919231117839,0.8,7,-14.041854711145378,-14.041854711145378,"MPS, L=9, bc='finite'.
chi: [4, 16, 64, 205, 205, 64, 16, 4]
sites: SpinHalfFermionSite('N', 'Sz', 1.000000) SpinHalfFermionSite('N', 'Sz', 1.000000) SpinHalfFermionSite('N', 'Sz', 1.000000) SpinHalfFermionSite('N', 'Sz', 1.000000) SpinHalfFermionSite('N', 'Sz', 1.000000) SpinHalfFermionSite('N', 'Sz', 1.000000) SpinHalfFermionSite('N', 'Sz', 1.000000) SpinHalfFermionSite('N', 'Sz', 1.000000) SpinHalfFermionSite('N', 'Sz', 1.000000)
forms: (0.0, 1.0) (0.0, 1.0) (0.0, 1.0) (0.0, 1.0) (0.0, 1.0) (0.0, 1.0) (0.0, 1.0) (0.0, 1.0) (0.0, 1.0)",True,113.61692070960999
Kagome_Hubbard_160,3,1,9,1.0,0.024705728797009385,1.8704405411837308,1.2,11,-8.018775923263306,-8.018775923263306,"MPS, L=9, bc='finite'.
chi: [4, 16, 64, 205, 205, 64, 16, 4]
sites: SpinHalfFermionSite('N', 'Sz', 1.000000) SpinHalfFermionSite('N', 'Sz', 1.000000) SpinHalfFermionSite('N', 'Sz', 1.000000) SpinHalfFermionSite('N', 'Sz', 1.000000) SpinHalfFermionSite('N', 'Sz', 1.000000) SpinHalfFermionSite('N', 'Sz', 1.000000) SpinHalfFermionSite('N', 'Sz', 1.000000) SpinHalfFermionSite('N', 'Sz', 1.000000) SpinHalfFermionSite('N', 'Sz', 1.000000)
forms: (0.0, 1.0) (0.0, 1.0) (0.0, 1.0) (0.0, 1.0) (0.0, 1.0) (0.0, 1.0) (0.0, 1.0) (0.0, 1.0) (0.0, 1.0)",True,116.17264175415039
Kagome_Hubbard_161,3,1,9,1.0,0.2157098094815601,5.724576998333339,0.333,3,-11.738761399296287,-11.738761399296287,"MPS, L=9, bc='finite'.
chi: [4, 11, 17, 20, 20, 17, 11, 4]
sites: SpinHalfFermionSite('N', 'Sz', 1.000000) SpinHalfFermionSite('N', 'Sz', 1.000000) SpinHalfFermionSite('N', 'Sz', 1.000000) SpinHalfFermionSite('N', 'Sz', 1.000000) SpinHalfFermionSite('N', 'Sz', 1.000000) SpinHalfFermionSite('N', 'Sz', 1.000000) SpinHalfFermionSite('N', 'Sz', 1.000000) SpinHalfFermionSite('N', 'Sz', 1.000000) SpinHalfFermionSite('N', 'Sz', 1.000000)
forms: (1.0, 0.0) (1.0, 0.0) (0.0, 1.0) (0.0, 1.0) (0.0, 1.0) (0.0, 1.0) (0.0, 1.0) (0.0, 1.0) (0.0, 1.0)",True,41.390955209732056
Kagome_Hubbard_162,3,1,9,1.0,-0.09614223737078897,7.429821084839604,0.417,4,-11.150976427755019,-11.150976427755019,"MPS, L=9, bc='finite'.
chi: [4, 15, 35, 48, 48, 35, 15, 4]
sites: SpinHalfFermionSite('N', 'Sz', 1.000000) SpinHalfFermionSite('N', 'Sz', 1.000000) SpinHalfFermionSite('N', 'Sz', 1.000000) SpinHalfFermionSite('N', 'Sz', 1.000000) SpinHalfFermionSite('N', 'Sz', 1.000000) SpinHalfFermionSite('N', 'Sz', 1.000000) SpinHalfFermionSite('N', 'Sz', 1.000000) SpinHalfFermionSite('N', 'Sz', 1.000000) SpinHalfFermionSite('N', 'Sz', 1.000000)
forms: (1.0, 0.0) (1.0, 0.0) (0.0, 1.0) (0.0, 1.0) (0.0, 1.0) (0.0, 1.0) (0.0, 1.0) (0.0, 1.0) (0.0, 1.0)",True,74.22801423072815
Kagome_Hubbard_163,3,1,9,1.0,-0.18608669741233236,5.020963029811384,0.417,4,-10.734627192491685,-10.734627192491685,"MPS, L=9, bc='finite'.
chi: [4, 15, 35, 48, 48, 35, 15, 4]
sites: SpinHalfFermionSite('N', 'Sz', 1.000000) SpinHalfFermionSite('N', 'Sz', 1.000000) SpinHalfFermionSite('N', 'Sz', 1.000000) SpinHalfFermionSite('N', 'Sz', 1.000000) SpinHalfFermionSite('N', 'Sz', 1.000000) SpinHalfFermionSite('N', 'Sz', 1.000000) SpinHalfFermionSite('N', 'Sz', 1.000000) SpinHalfFermionSite('N', 'Sz', 1.000000) SpinHalfFermionSite('N', 'Sz', 1.000000)
forms: (1.0, 0.0) (1.0, 0.0) (0.0, 1.0) (0.0, 1.0) (0.0, 1.0) (0.0, 1.0) (0.0, 1.0) (0.0, 1.0) (0.0, 1.0)",True,67.1809823513031
Kagome_Hubbard_164,3,1,9,1.0,-0.08169271595076247,6.732586792871729,0.333,3,-9.379995568526258,-9.379995568526258,"MPS, L=9, bc='finite'.
chi: [4, 11, 17, 20, 20, 17, 11, 4]
sites: SpinHalfFermionSite('N', 'Sz', 1.000000) SpinHalfFermionSite('N', 'Sz', 1.000000) SpinHalfFermionSite('N', 'Sz', 1.000000) SpinHalfFermionSite('N', 'Sz', 1.000000) SpinHalfFermionSite('N', 'Sz', 1.000000) SpinHalfFermionSite('N', 'Sz', 1.000000) SpinHalfFermionSite('N', 'Sz', 1.000000) SpinHalfFermionSite('N', 'Sz', 1.000000) SpinHalfFermionSite('N', 'Sz', 1.000000)
forms: (1.0, 0.0) (1.0, 0.0) (0.0, 1.0) (0.0, 1.0) (0.0, 1.0) (0.0, 1.0) (0.0, 1.0) (0.0, 1.0) (0.0, 1.0)",True,42.00941610336304
Kagome_Hubbard_165,3,1,9,1.0,0.012362063862013606,9.715364339604887,0.333,3,-9.942763914659654,-9.942763914659654,"MPS, L=9, bc='finite'.
chi: [4, 11, 17, 20, 20, 17, 11, 4]
sites: SpinHalfFermionSite('N', 'Sz', 1.000000) SpinHalfFermionSite('N', 'Sz', 1.000000) SpinHalfFermionSite('N', 'Sz', 1.000000) SpinHalfFermionSite('N', 'Sz', 1.000000) SpinHalfFermionSite('N', 'Sz', 1.000000) SpinHalfFermionSite('N', 'Sz', 1.000000) SpinHalfFermionSite('N', 'Sz', 1.000000) SpinHalfFermionSite('N', 'Sz', 1.000000) SpinHalfFermionSite('N', 'Sz', 1.000000)
forms: (1.0, 0.0) (1.0, 0.0) (0.0, 1.0) (0.0, 1.0) (0.0, 1.0) (0.0, 1.0) (0.0, 1.0) (0.0, 1.0) (0.0, 1.0)",True,41.76580357551575
Kagome_Hubbard_166,3,1,9,1.0,0.18797345952648936,1.122671164353289,1.0,9,-15.319477957243386,-15.319477957243386,"MPS, L=9, bc='finite'.
chi: [4, 16, 64, 256, 256, 64, 16, 4]
sites: SpinHalfFermionSite('N', 'Sz', 1.000000) SpinHalfFermionSite('N', 'Sz', 1.000000) SpinHalfFermionSite('N', 'Sz', 1.000000) SpinHalfFermionSite('N', 'Sz', 1.000000) SpinHalfFermionSite('N', 'Sz', 1.000000) SpinHalfFermionSite('N', 'Sz', 1.000000) SpinHalfFermionSite('N', 'Sz', 1.000000) SpinHalfFermionSite('N', 'Sz', 1.000000) SpinHalfFermionSite('N', 'Sz', 1.000000)
forms: (0.0, 1.0) (0.0, 1.0) (0.0, 1.0) (0.0, 1.0) (0.0, 1.0) (0.0, 1.0) (0.0, 1.0) (0.0, 1.0) (0.0, 1.0)",True,120.90433740615845
Kagome_Hubbard_167,3,1,9,1.0,0.1938244584641205,6.223939180995697,1.0,9,-8.329848219001047,-8.329848219001047,"MPS, L=9, bc='finite'.
chi: [4, 16, 64, 256, 256, 64, 16, 4]
sites: SpinHalfFermionSite('N', 'Sz', 1.000000) SpinHalfFermionSite('N', 'Sz', 1.000000) SpinHalfFermionSite('N', 'Sz', 1.000000) SpinHalfFermionSite('N', 'Sz', 1.000000) SpinHalfFermionSite('N', 'Sz', 1.000000) SpinHalfFermionSite('N', 'Sz', 1.000000) SpinHalfFermionSite('N', 'Sz', 1.000000) SpinHalfFermionSite('N', 'Sz', 1.000000) SpinHalfFermionSite('N', 'Sz', 1.000000)
forms: (0.0, 1.0) (0.0, 1.0) (0.0, 1.0) (0.0, 1.0) (0.0, 1.0) (0.0, 1.0) (0.0, 1.0) (0.0, 1.0) (0.0, 1.0)",True,121.03050374984741
Kagome_Hubbard_168,3,1,9,1.0,0.10340759881034817,1.892918085299739,0.417,4,-13.81745825339034,-13.81745825339034,"MPS, L=9, bc='finite'.
chi: [4, 15, 35, 48, 48, 35, 15, 4]
sites: SpinHalfFermionSite('N', 'Sz', 1.000000) SpinHalfFermionSite('N', 'Sz', 1.000000) SpinHalfFermionSite('N', 'Sz', 1.000000) SpinHalfFermionSite('N', 'Sz', 1.000000) SpinHalfFermionSite('N', 'Sz', 1.000000) SpinHalfFermionSite('N', 'Sz', 1.000000) SpinHalfFermionSite('N', 'Sz', 1.000000) SpinHalfFermionSite('N', 'Sz', 1.000000) SpinHalfFermionSite('N', 'Sz', 1.000000)
forms: (1.0, 0.0) (1.0, 0.0) (0.0, 1.0) (0.0, 1.0) (0.0, 1.0) (0.0, 1.0) (0.0, 1.0) (0.0, 1.0) (0.0, 1.0)",True,65.7075252532959
Kagome_Hubbard_169,3,1,9,1.0,0.22953658153526318,4.922164198994672,1.2,11,-1.038176920062389,-1.038176920062389,"MPS, L=9, bc='finite'.
chi: [4, 16, 64, 204, 205, 64, 16, 4]
sites: SpinHalfFermionSite('N', 'Sz', 1.000000) SpinHalfFermionSite('N', 'Sz', 1.000000) SpinHalfFermionSite('N', 'Sz', 1.000000) SpinHalfFermionSite('N', 'Sz', 1.000000) SpinHalfFermionSite('N', 'Sz', 1.000000) SpinHalfFermionSite('N', 'Sz', 1.000000) SpinHalfFermionSite('N', 'Sz', 1.000000) SpinHalfFermionSite('N', 'Sz', 1.000000) SpinHalfFermionSite('N', 'Sz', 1.000000)
forms: (0.0, 1.0) (0.0, 1.0) (0.0, 1.0) (0.0, 1.0) (0.0, 1.0) (0.0, 1.0) (0.0, 1.0) (0.0, 1.0) (0.0, 1.0)",True,114.04809522628784
Kagome_Hubbard_170,3,1,9,1.0,0.055715731850466244,9.052160574802206,0.417,4,-12.216180288072941,-12.216180288072941,"MPS, L=9, bc='finite'.
chi: [4, 15, 35, 48, 48, 35, 15, 4]
sites: SpinHalfFermionSite('N', 'Sz', 1.000000) SpinHalfFermionSite('N', 'Sz', 1.000000) SpinHalfFermionSite('N', 'Sz', 1.000000) SpinHalfFermionSite('N', 'Sz', 1.000000) SpinHalfFermionSite('N', 'Sz', 1.000000) SpinHalfFermionSite('N', 'Sz', 1.000000) SpinHalfFermionSite('N', 'Sz', 1.000000) SpinHalfFermionSite('N', 'Sz', 1.000000) SpinHalfFermionSite('N', 'Sz', 1.000000)
forms: (1.0, 0.0) (1.0, 0.0) (0.0, 1.0) (0.0, 1.0) (0.0, 1.0) (0.0, 1.0) (0.0, 1.0) (0.0, 1.0) (0.0, 1.0)",True,68.86427688598633
Kagome_Hubbard_171,3,1,9,1.0,0.10485082452176536,4.727698045693375,0.417,4,-13.218157353032131,-13.218157353032131,"MPS, L=9, bc='finite'.
chi: [4, 15, 35, 48, 48, 35, 15, 4]
sites: SpinHalfFermionSite('N', 'Sz', 1.000000) SpinHalfFermionSite('N', 'Sz', 1.000000) SpinHalfFermionSite('N', 'Sz', 1.000000) SpinHalfFermionSite('N', 'Sz', 1.000000) SpinHalfFermionSite('N', 'Sz', 1.000000) SpinHalfFermionSite('N', 'Sz', 1.000000) SpinHalfFermionSite('N', 'Sz', 1.000000) SpinHalfFermionSite('N', 'Sz', 1.000000) SpinHalfFermionSite('N', 'Sz', 1.000000)
forms: (0.0, 1.0) (0.0, 1.0) (0.0, 1.0) (0.0, 1.0) (0.0, 1.0) (0.0, 1.0) (0.0, 1.0) (0.0, 1.0) (0.0, 1.0)",True,64.1294674873352
Kagome_Hubbard_172,3,1,9,1.0,0.14976136196048762,4.046081170178493,0.333,3,-11.360624844710486,-11.360624844710486,"MPS, L=9, bc='finite'.
chi: [4, 11, 17, 20, 20, 17, 11, 4]
sites: SpinHalfFermionSite('N', 'Sz', 1.000000) SpinHalfFermionSite('N', 'Sz', 1.000000) SpinHalfFermionSite('N', 'Sz', 1.000000) SpinHalfFermionSite('N', 'Sz', 1.000000) SpinHalfFermionSite('N', 'Sz', 1.000000) SpinHalfFermionSite('N', 'Sz', 1.000000) SpinHalfFermionSite('N', 'Sz', 1.000000) SpinHalfFermionSite('N', 'Sz', 1.000000) SpinHalfFermionSite('N', 'Sz', 1.000000)
forms: (1.0, 0.0) (1.0, 0.0) (0.0, 1.0) (0.0, 1.0) (0.0, 1.0) (0.0, 1.0) (0.0, 1.0) (0.0, 1.0) (0.0, 1.0)",True,64.4891607761383
Kagome_Hubbard_173,3,1,9,1.0,0.24220899180753502,7.584742281077187,1.0,9,-7.4416357201053875,-7.4416357201053875,"MPS, L=9, bc='finite'.
chi: [4, 16, 64, 256, 256, 64, 16, 4]
sites: SpinHalfFermionSite('N', 'Sz', 1.000000) SpinHalfFermionSite('N', 'Sz', 1.000000) SpinHalfFermionSite('N', 'Sz', 1.000000) SpinHalfFermionSite('N', 'Sz', 1.000000) SpinHalfFermionSite('N', 'Sz', 1.000000) SpinHalfFermionSite('N', 'Sz', 1.000000) SpinHalfFermionSite('N', 'Sz', 1.000000) SpinHalfFermionSite('N', 'Sz', 1.000000) SpinHalfFermionSite('N', 'Sz', 1.000000)
forms: (0.0, 1.0) (0.0, 1.0) (0.0, 1.0) (0.0, 1.0) (0.0, 1.0) (0.0, 1.0) (0.0, 1.0) (0.0, 1.0) (0.0, 1.0)",True,264.997677564621
Kagome_Hubbard_174,3,1,9,1.0,0.2543758083544853,1.798318255526756,1.0,9,-14.367213165844268,-14.367213165844268,"MPS, L=9, bc='finite'.
chi: [4, 16, 64, 256, 256, 64, 16, 4]
sites: SpinHalfFermionSite('N', 'Sz', 1.000000) SpinHalfFermionSite('N', 'Sz', 1.000000) SpinHalfFermionSite('N', 'Sz', 1.000000) SpinHalfFermionSite('N', 'Sz', 1.000000) SpinHalfFermionSite('N', 'Sz', 1.000000) SpinHalfFermionSite('N', 'Sz', 1.000000) SpinHalfFermionSite('N', 'Sz', 1.000000) SpinHalfFermionSite('N', 'Sz', 1.000000) SpinHalfFermionSite('N', 'Sz', 1.000000)
forms: (0.0, 1.0) (0.0, 1.0) (0.0, 1.0) (0.0, 1.0) (0.0, 1.0) (0.0, 1.0) (0.0, 1.0) (0.0, 1.0) (0.0, 1.0)",True,157.56411838531494
Kagome_Hubbard_175,3,1,9,1.0,-0.10842301419060876,0.38613132968326547,0.417,4,-12.403073716933392,-12.403073716933392,"MPS, L=9, bc='finite'.
chi: [4, 15, 35, 47, 47, 35, 15, 4]
sites: SpinHalfFermionSite('N', 'Sz', 1.000000) SpinHalfFermionSite('N', 'Sz', 1.000000) SpinHalfFermionSite('N', 'Sz', 1.000000) SpinHalfFermionSite('N', 'Sz', 1.000000) SpinHalfFermionSite('N', 'Sz', 1.000000) SpinHalfFermionSite('N', 'Sz', 1.000000) SpinHalfFermionSite('N', 'Sz', 1.000000) SpinHalfFermionSite('N', 'Sz', 1.000000) SpinHalfFermionSite('N', 'Sz', 1.000000)
forms: (0.0, 1.0) (0.0, 1.0) (0.0, 1.0) (0.0, 1.0) (0.0, 1.0) (0.0, 1.0) (0.0, 1.0) (0.0, 1.0) (0.0, 1.0)",True,67.0173442363739
Kagome_Hubbard_176,3,1,9,1.0,-0.04547876719656058,2.8008694822843783,0.8,7,-14.772314235766208,-14.772314235766208,"MPS, L=9, bc='finite'.
chi: [4, 16, 64, 204, 205, 64, 16, 4]
sites: SpinHalfFermionSite('N', 'Sz', 1.000000) SpinHalfFermionSite('N', 'Sz', 1.000000) SpinHalfFermionSite('N', 'Sz', 1.000000) SpinHalfFermionSite('N', 'Sz', 1.000000) SpinHalfFermionSite('N', 'Sz', 1.000000) SpinHalfFermionSite('N', 'Sz', 1.000000) SpinHalfFermionSite('N', 'Sz', 1.000000) SpinHalfFermionSite('N', 'Sz', 1.000000) SpinHalfFermionSite('N', 'Sz', 1.000000)
forms: (0.0, 1.0) (0.0, 1.0) (0.0, 1.0) (0.0, 1.0) (0.0, 1.0) (0.0, 1.0) (0.0, 1.0) (0.0, 1.0) (0.0, 1.0)",True,112.5529363155365
Kagome_Hubbard_177,3,1,9,1.0,0.18132709579898754,0.2776384419776121,1.2,11,-13.957733630368114,-13.957733630368114,"MPS, L=9, bc='finite'.
chi: [4, 16, 64, 204, 205, 64, 16, 4]
sites: SpinHalfFermionSite('N', 'Sz', 1.000000) SpinHalfFermionSite('N', 'Sz', 1.000000) SpinHalfFermionSite('N', 'Sz', 1.000000) SpinHalfFermionSite('N', 'Sz', 1.000000) SpinHalfFermionSite('N', 'Sz', 1.000000) SpinHalfFermionSite('N', 'Sz', 1.000000) SpinHalfFermionSite('N', 'Sz', 1.000000) SpinHalfFermionSite('N', 'Sz', 1.000000) SpinHalfFermionSite('N', 'Sz', 1.000000)
forms: (0.0, 1.0) (0.0, 1.0) (0.0, 1.0) (0.0, 1.0) (0.0, 1.0) (0.0, 1.0) (0.0, 1.0) (0.0, 1.0) (0.0, 1.0)",True,118.01102757453918
Kagome_Hubbard_178,3,1,9,1.0,-0.29138982576893774,7.1338905541955455,1.2,11,6.1230096580399715,6.1230096580399715,"MPS, L=9, bc='finite'.
chi: [4, 16, 64, 205, 205, 64, 16, 4]
sites: SpinHalfFermionSite('N', 'Sz', 1.000000) SpinHalfFermionSite('N', 'Sz', 1.000000) SpinHalfFermionSite('N', 'Sz', 1.000000) SpinHalfFermionSite('N', 'Sz', 1.000000) SpinHalfFermionSite('N', 'Sz', 1.000000) SpinHalfFermionSite('N', 'Sz', 1.000000) SpinHalfFermionSite('N', 'Sz', 1.000000) SpinHalfFermionSite('N', 'Sz', 1.000000) SpinHalfFermionSite('N', 'Sz', 1.000000)
forms: (0.0, 1.0) (0.0, 1.0) (0.0, 1.0) (0.0, 1.0) (0.0, 1.0) (0.0, 1.0) (0.0, 1.0) (0.0, 1.0) (0.0, 1.0)",True,247.86340475082397
Kagome_Hubbard_179,3,1,9,1.0,0.21088736966221483,0.3943662197178309,1.0,9,-16.988047826237523,-16.988047826237523,"MPS, L=9, bc='finite'.
chi: [4, 16, 64, 256, 256, 64, 16, 4]
sites: SpinHalfFermionSite('N', 'Sz', 1.000000) SpinHalfFermionSite('N', 'Sz', 1.000000) SpinHalfFermionSite('N', 'Sz', 1.000000) SpinHalfFermionSite('N', 'Sz', 1.000000) SpinHalfFermionSite('N', 'Sz', 1.000000) SpinHalfFermionSite('N', 'Sz', 1.000000) SpinHalfFermionSite('N', 'Sz', 1.000000) SpinHalfFermionSite('N', 'Sz', 1.000000) SpinHalfFermionSite('N', 'Sz', 1.000000)
forms: (0.0, 1.0) (0.0, 1.0) (0.0, 1.0) (0.0, 1.0) (0.0, 1.0) (0.0, 1.0) (0.0, 1.0) (0.0, 1.0) (0.0, 1.0)",True,124.03507709503174
Kagome_Hubbard_180,3,1,9,1.0,-0.1417757903811518,1.8111383671424033,0.417,4,-11.71965757497063,-11.71965757497063,"MPS, L=9, bc='finite'.
chi: [4, 15, 35, 48, 48, 35, 15, 4]
sites: SpinHalfFermionSite('N', 'Sz', 1.000000) SpinHalfFermionSite('N', 'Sz', 1.000000) SpinHalfFermionSite('N', 'Sz', 1.000000) SpinHalfFermionSite('N', 'Sz', 1.000000) SpinHalfFermionSite('N', 'Sz', 1.000000) SpinHalfFermionSite('N', 'Sz', 1.000000) SpinHalfFermionSite('N', 'Sz', 1.000000) SpinHalfFermionSite('N', 'Sz', 1.000000) SpinHalfFermionSite('N', 'Sz', 1.000000)
forms: (1.0, 0.0) (1.0, 0.0) (0.0, 1.0) (0.0, 1.0) (0.0, 1.0) (0.0, 1.0) (0.0, 1.0) (0.0, 1.0) (0.0, 1.0)",True,67.18839144706726
Kagome_Hubbard_181,3,1,9,1.0,-0.10629841517369515,0.21480581433512844,0.5,4,-12.475762933576595,-12.475762933576595,"MPS, L=9, bc='finite'.
chi: [4, 15, 34, 47, 47, 34, 15, 4]
sites: SpinHalfFermionSite('N', 'Sz', 1.000000) SpinHalfFermionSite('N', 'Sz', 1.000000) SpinHalfFermionSite('N', 'Sz', 1.000000) SpinHalfFermionSite('N', 'Sz', 1.000000) SpinHalfFermionSite('N', 'Sz', 1.000000) SpinHalfFermionSite('N', 'Sz', 1.000000) SpinHalfFermionSite('N', 'Sz', 1.000000) SpinHalfFermionSite('N', 'Sz', 1.000000) SpinHalfFermionSite('N', 'Sz', 1.000000)
forms: (0.0, 1.0) (0.0, 1.0) (0.0, 1.0) (0.0, 1.0) (0.0, 1.0) (0.0, 1.0) (0.0, 1.0) (0.0, 1.0) (0.0, 1.0)",True,72.66009402275085
Kagome_Hubbard_182,3,1,9,1.0,-0.015808143730276003,5.820117641755795,0.417,4,-12.013323240030768,-12.013323240030768,"MPS, L=9, bc='finite'.
chi: [4, 15, 35, 48, 48, 35, 15, 4]
sites: SpinHalfFermionSite('N', 'Sz', 1.000000) SpinHalfFermionSite('N', 'Sz', 1.000000) SpinHalfFermionSite('N', 'Sz', 1.000000) SpinHalfFermionSite('N', 'Sz', 1.000000) SpinHalfFermionSite('N', 'Sz', 1.000000) SpinHalfFermionSite('N', 'Sz', 1.000000) SpinHalfFermionSite('N', 'Sz', 1.000000) SpinHalfFermionSite('N', 'Sz', 1.000000) SpinHalfFermionSite('N', 'Sz', 1.000000)
forms: (1.0, 0.0) (1.0, 0.0) (0.0, 1.0) (0.0, 1.0) (0.0, 1.0) (0.0, 1.0) (0.0, 1.0) (0.0, 1.0) (0.0, 1.0)",True,65.96700525283813
Kagome_Hubbard_183,3,1,9,1.0,0.10199892263113669,4.1776091814398235,1.0,9,-10.046466662236606,-10.046466662236606,"MPS, L=9, bc='finite'.
chi: [4, 16, 64, 256, 256, 64, 16, 4]
sites: SpinHalfFermionSite('N', 'Sz', 1.000000) SpinHalfFermionSite('N', 'Sz', 1.000000) SpinHalfFermionSite('N', 'Sz', 1.000000) SpinHalfFermionSite('N', 'Sz', 1.000000) SpinHalfFermionSite('N', 'Sz', 1.000000) SpinHalfFermionSite('N', 'Sz', 1.000000) SpinHalfFermionSite('N', 'Sz', 1.000000) SpinHalfFermionSite('N', 'Sz', 1.000000) SpinHalfFermionSite('N', 'Sz', 1.000000)
forms: (0.0, 1.0) (0.0, 1.0) (0.0, 1.0) (0.0, 1.0) (0.0, 1.0) (0.0, 1.0) (0.0, 1.0) (0.0, 1.0) (0.0, 1.0)",True,121.7960798740387
Kagome_Hubbard_184,3,1,9,1.0,0.19631983510213197,3.9535751407155337,0.417,4,-14.168876650101161,-14.168876650101161,"MPS, L=9, bc='finite'.
chi: [4, 15, 35, 48, 48, 35, 15, 4]
sites: SpinHalfFermionSite('N', 'Sz', 1.000000) SpinHalfFermionSite('N', 'Sz', 1.000000) SpinHalfFermionSite('N', 'Sz', 1.000000) SpinHalfFermionSite('N', 'Sz', 1.000000) SpinHalfFermionSite('N', 'Sz', 1.000000) SpinHalfFermionSite('N', 'Sz', 1.000000) SpinHalfFermionSite('N', 'Sz', 1.000000) SpinHalfFermionSite('N', 'Sz', 1.000000) SpinHalfFermionSite('N', 'Sz', 1.000000)
forms: (0.0, 1.0) (0.0, 1.0) (0.0, 1.0) (0.0, 1.0) (0.0, 1.0) (0.0, 1.0) (0.0, 1.0) (0.0, 1.0) (0.0, 1.0)",True,66.60753440856934
Kagome_Hubbard_185,3,1,9,1.0,0.2088152762070889,9.987589423792532,0.5,4,-13.402133676738506,-13.402133676738506,"MPS, L=9, bc='finite'.
chi: [4, 15, 35, 48, 48, 35, 15, 4]
sites: SpinHalfFermionSite('N', 'Sz', 1.000000) SpinHalfFermionSite('N', 'Sz', 1.000000) SpinHalfFermionSite('N', 'Sz', 1.000000) SpinHalfFermionSite('N', 'Sz', 1.000000) SpinHalfFermionSite('N', 'Sz', 1.000000) SpinHalfFermionSite('N', 'Sz', 1.000000) SpinHalfFermionSite('N', 'Sz', 1.000000) SpinHalfFermionSite('N', 'Sz', 1.000000) SpinHalfFermionSite('N', 'Sz', 1.000000)
forms: (1.0, 0.0) (1.0, 0.0) (0.0, 1.0) (0.0, 1.0) (0.0, 1.0) (0.0, 1.0) (0.0, 1.0) (0.0, 1.0) (0.0, 1.0)",True,68.55162119865417
Kagome_Hubbard_186,3,1,9,1.0,0.16212873089911373,1.0249968048520435,1.2,11,-11.380367105891182,-11.380367105891182,"MPS, L=9, bc='finite'.
chi: [4, 16, 64, 205, 205, 64, 16, 4]
sites: SpinHalfFermionSite('N', 'Sz', 1.000000) SpinHalfFermionSite('N', 'Sz', 1.000000) SpinHalfFermionSite('N', 'Sz', 1.000000) SpinHalfFermionSite('N', 'Sz', 1.000000) SpinHalfFermionSite('N', 'Sz', 1.000000) SpinHalfFermionSite('N', 'Sz', 1.000000) SpinHalfFermionSite('N', 'Sz', 1.000000) SpinHalfFermionSite('N', 'Sz', 1.000000) SpinHalfFermionSite('N', 'Sz', 1.000000)
forms: (0.0, 1.0) (0.0, 1.0) (0.0, 1.0) (0.0, 1.0) (0.0, 1.0) (0.0, 1.0) (0.0, 1.0) (0.0, 1.0) (0.0, 1.0)",True,111.1396996974945
Kagome_Hubbard_187,3,1,9,1.0,-0.1612185387618397,8.476164750741702,0.5,4,-10.53357728921592,-10.53357728921592,"MPS, L=9, bc='finite'.
chi: [4, 15, 35, 48, 48, 35, 15, 4]
sites: SpinHalfFermionSite('N', 'Sz', 1.000000) SpinHalfFermionSite('N', 'Sz', 1.000000) SpinHalfFermionSite('N', 'Sz', 1.000000) SpinHalfFermionSite('N', 'Sz', 1.000000) SpinHalfFermionSite('N', 'Sz', 1.000000) SpinHalfFermionSite('N', 'Sz', 1.000000) SpinHalfFermionSite('N', 'Sz', 1.000000) SpinHalfFermionSite('N', 'Sz', 1.000000) SpinHalfFermionSite('N', 'Sz', 1.000000)
forms: (0.0, 1.0) (0.0, 1.0) (0.0, 1.0) (0.0, 1.0) (0.0, 1.0) (0.0, 1.0) (0.0, 1.0) (0.0, 1.0) (0.0, 1.0)",True,69.17737293243408
Kagome_Hubbard_188,3,1,9,1.0,-0.20854222079571613,1.019936846731302,1.2,11,-10.175015824052165,-10.175015824052165,"MPS, L=9, bc='finite'.
chi: [4, 16, 64, 205, 205, 64, 16, 4]
sites: SpinHalfFermionSite('N', 'Sz', 1.000000) SpinHalfFermionSite('N', 'Sz', 1.000000) SpinHalfFermionSite('N', 'Sz', 1.000000) SpinHalfFermionSite('N', 'Sz', 1.000000) SpinHalfFermionSite('N', 'Sz', 1.000000) SpinHalfFermionSite('N', 'Sz', 1.000000) SpinHalfFermionSite('N', 'Sz', 1.000000) SpinHalfFermionSite('N', 'Sz', 1.000000) SpinHalfFermionSite('N', 'Sz', 1.000000)
forms: (0.0, 1.0) (0.0, 1.0) (0.0, 1.0) (0.0, 1.0) (0.0, 1.0) (0.0, 1.0) (0.0, 1.0) (0.0, 1.0) (0.0, 1.0)",True,115.21339201927185
Kagome_Hubbard_189,3,1,9,1.0,-0.07318608379506714,3.6310028161158896,1.2,11,-2.5703734479565687,-2.5703734479565687,"MPS, L=9, bc='finite'.
chi: [4, 16, 64, 205, 205, 64, 16, 4]
sites: SpinHalfFermionSite('N', 'Sz', 1.000000) SpinHalfFermionSite('N', 'Sz', 1.000000) SpinHalfFermionSite('N', 'Sz', 1.000000) SpinHalfFermionSite('N', 'Sz', 1.000000) SpinHalfFermionSite('N', 'Sz', 1.000000) SpinHalfFermionSite('N', 'Sz', 1.000000) SpinHalfFermionSite('N', 'Sz', 1.000000) SpinHalfFermionSite('N', 'Sz', 1.000000) SpinHalfFermionSite('N', 'Sz', 1.000000)
forms: (0.0, 1.0) (0.0, 1.0) (0.0, 1.0) (0.0, 1.0) (0.0, 1.0) (0.0, 1.0) (0.0, 1.0) (0.0, 1.0) (0.0, 1.0)",True,132.10657048225403
Kagome_Hubbard_190,3,1,9,1.0,0.2958394491762259,7.443442027656875,0.333,3,-12.252671988281245,-12.252671988281245,"MPS, L=9, bc='finite'.
chi: [4, 11, 17, 20, 20, 17, 11, 4]
sites: SpinHalfFermionSite('N', 'Sz', 1.000000) SpinHalfFermionSite('N', 'Sz', 1.000000) SpinHalfFermionSite('N', 'Sz', 1.000000) SpinHalfFermionSite('N', 'Sz', 1.000000) SpinHalfFermionSite('N', 'Sz', 1.000000) SpinHalfFermionSite('N', 'Sz', 1.000000) SpinHalfFermionSite('N', 'Sz', 1.000000) SpinHalfFermionSite('N', 'Sz', 1.000000) SpinHalfFermionSite('N', 'Sz', 1.000000)
forms: (1.0, 0.0) (1.0, 0.0) (0.0, 1.0) (0.0, 1.0) (0.0, 1.0) (0.0, 1.0) (0.0, 1.0) (0.0, 1.0) (0.0, 1.0)",True,41.136971950531006
Kagome_Hubbard_191,3,1,9,1.0,-0.18915392209917864,3.710364365233512,1.0,9,-9.448176421439998,-9.448176421439998,"MPS, L=9, bc='finite'.
chi: [4, 16, 64, 256, 256, 64, 16, 4]
sites: SpinHalfFermionSite('N', 'Sz', 1.000000) SpinHalfFermionSite('N', 'Sz', 1.000000) SpinHalfFermionSite('N', 'Sz', 1.000000) SpinHalfFermionSite('N', 'Sz', 1.000000) SpinHalfFermionSite('N', 'Sz', 1.000000) SpinHalfFermionSite('N', 'Sz', 1.000000) SpinHalfFermionSite('N', 'Sz', 1.000000) SpinHalfFermionSite('N', 'Sz', 1.000000) SpinHalfFermionSite('N', 'Sz', 1.000000)
forms: (0.0, 1.0) (0.0, 1.0) (0.0, 1.0) (0.0, 1.0) (0.0, 1.0) (0.0, 1.0) (0.0, 1.0) (0.0, 1.0) (0.0, 1.0)",True,119.72675681114197
Kagome_Hubbard_192,3,1,9,1.0,0.2577423525224836,0.7673688338079917,0.5,4,-15.520875205308629,-15.520875205308629,"MPS, L=9, bc='finite'.
chi: [4, 15, 35, 47, 47, 35, 15, 4]
sites: SpinHalfFermionSite('N', 'Sz', 1.000000) SpinHalfFermionSite('N', 'Sz', 1.000000) SpinHalfFermionSite('N', 'Sz', 1.000000) SpinHalfFermionSite('N', 'Sz', 1.000000) SpinHalfFermionSite('N', 'Sz', 1.000000) SpinHalfFermionSite('N', 'Sz', 1.000000) SpinHalfFermionSite('N', 'Sz', 1.000000) SpinHalfFermionSite('N', 'Sz', 1.000000) SpinHalfFermionSite('N', 'Sz', 1.000000)
forms: (0.0, 1.0) (0.0, 1.0) (0.0, 1.0) (0.0, 1.0) (0.0, 1.0) (0.0, 1.0) (0.0, 1.0) (0.0, 1.0) (0.0, 1.0)",True,65.51547837257385
Kagome_Hubbard_193,3,1,9,1.0,0.20365872943537816,1.0340201072807222,1.0,9,-15.58421224318709,-15.58421224318709,"MPS, L=9, bc='finite'.
chi: [4, 16, 64, 256, 256, 64, 16, 4]
sites: SpinHalfFermionSite('N', 'Sz', 1.000000) SpinHalfFermionSite('N', 'Sz', 1.000000) SpinHalfFermionSite('N', 'Sz', 1.000000) SpinHalfFermionSite('N', 'Sz', 1.000000) SpinHalfFermionSite('N', 'Sz', 1.000000) SpinHalfFermionSite('N', 'Sz', 1.000000) SpinHalfFermionSite('N', 'Sz', 1.000000) SpinHalfFermionSite('N', 'Sz', 1.000000) SpinHalfFermionSite('N', 'Sz', 1.000000)
forms: (0.0, 1.0) (0.0, 1.0) (0.0, 1.0) (0.0, 1.0) (0.0, 1.0) (0.0, 1.0) (0.0, 1.0) (0.0, 1.0) (0.0, 1.0)",True,122.25143504142761
Kagome_Hubbard_194,3,1,9,1.0,-0.06107673235866368,9.249135182933589,1.0,9,-5.602849939388424,-5.602849939388424,"MPS, L=9, bc='finite'.
chi: [4, 16, 64, 256, 256, 64, 16, 4]
sites: SpinHalfFermionSite('N', 'Sz', 1.000000) SpinHalfFermionSite('N', 'Sz', 1.000000) SpinHalfFermionSite('N', 'Sz', 1.000000) SpinHalfFermionSite('N', 'Sz', 1.000000) SpinHalfFermionSite('N', 'Sz', 1.000000) SpinHalfFermionSite('N', 'Sz', 1.000000) SpinHalfFermionSite('N', 'Sz', 1.000000) SpinHalfFermionSite('N', 'Sz', 1.000000) SpinHalfFermionSite('N', 'Sz', 1.000000)
forms: (0.0, 1.0) (0.0, 1.0) (0.0, 1.0) (0.0, 1.0) (0.0, 1.0) (0.0, 1.0) (0.0, 1.0) (0.0, 1.0) (0.0, 1.0)",True,129.0222818851471
Kagome_Hubbard_195,3,1,9,1.0,0.14504755461250385,1.7342496484177088,0.417,4,-14.229276502992416,-14.229276502992416,"MPS, L=9, bc='finite'.
chi: [4, 15, 35, 48, 48, 35, 15, 4]
sites: SpinHalfFermionSite('N', 'Sz', 1.000000) SpinHalfFermionSite('N', 'Sz', 1.000000) SpinHalfFermionSite('N', 'Sz', 1.000000) SpinHalfFermionSite('N', 'Sz', 1.000000) SpinHalfFermionSite('N', 'Sz', 1.000000) SpinHalfFermionSite('N', 'Sz', 1.000000) SpinHalfFermionSite('N', 'Sz', 1.000000) SpinHalfFermionSite('N', 'Sz', 1.000000) SpinHalfFermionSite('N', 'Sz', 1.000000)
forms: (0.0, 1.0) (0.0, 1.0) (0.0, 1.0) (0.0, 1.0) (0.0, 1.0) (0.0, 1.0) (0.0, 1.0) (0.0, 1.0) (0.0, 1.0)",True,64.65684342384338
Kagome_Hubbard_196,3,1,9,1.0,0.27060246274898364,5.541898008076806,0.417,4,-14.531711721953258,-14.531711721953258,"MPS, L=9, bc='finite'.
chi: [4, 15, 35, 48, 48, 35, 15, 4]
sites: SpinHalfFermionSite('N', 'Sz', 1.000000) SpinHalfFermionSite('N', 'Sz', 1.000000) SpinHalfFermionSite('N', 'Sz', 1.000000) SpinHalfFermionSite('N', 'Sz', 1.000000) SpinHalfFermionSite('N', 'Sz', 1.000000) SpinHalfFermionSite('N', 'Sz', 1.000000) SpinHalfFermionSite('N', 'Sz', 1.000000) SpinHalfFermionSite('N', 'Sz', 1.000000) SpinHalfFermionSite('N', 'Sz', 1.000000)
forms: (1.0, 0.0) (1.0, 0.0) (0.0, 1.0) (0.0, 1.0) (0.0, 1.0) (0.0, 1.0) (0.0, 1.0) (0.0, 1.0) (0.0, 1.0)",True,66.02670001983643
Kagome_Hubbard_197,3,1,9,1.0,0.24494581823618172,0.410070458394991,0.333,3,-12.71620472262075,-12.71620472262075,"MPS, L=9, bc='finite'.
chi: [4, 11, 17, 20, 20, 17, 11, 4]
sites: SpinHalfFermionSite('N', 'Sz', 1.000000) SpinHalfFermionSite('N', 'Sz', 1.000000) SpinHalfFermionSite('N', 'Sz', 1.000000) SpinHalfFermionSite('N', 'Sz', 1.000000) SpinHalfFermionSite('N', 'Sz', 1.000000) SpinHalfFermionSite('N', 'Sz', 1.000000) SpinHalfFermionSite('N', 'Sz', 1.000000) SpinHalfFermionSite('N', 'Sz', 1.000000) SpinHalfFermionSite('N', 'Sz', 1.000000)
forms: (1.0, 0.0) (1.0, 0.0) (0.0, 1.0) (0.0, 1.0) (0.0, 1.0) (0.0, 1.0) (0.0, 1.0) (0.0, 1.0) (0.0, 1.0)",True,39.95565485954285
Kagome_Hubbard_198,3,1,9,1.0,-0.18646378683251208,1.5184751494101338,1.0,9,-12.65395093854659,-12.65395093854659,"MPS, L=9, bc='finite'.
chi: [4, 16, 64, 256, 256, 64, 16, 4]
sites: SpinHalfFermionSite('N', 'Sz', 1.000000) SpinHalfFermionSite('N', 'Sz', 1.000000) SpinHalfFermionSite('N', 'Sz', 1.000000) SpinHalfFermionSite('N', 'Sz', 1.000000) SpinHalfFermionSite('N', 'Sz', 1.000000) SpinHalfFermionSite('N', 'Sz', 1.000000) SpinHalfFermionSite('N', 'Sz', 1.000000) SpinHalfFermionSite('N', 'Sz', 1.000000) SpinHalfFermionSite('N', 'Sz', 1.000000)
forms: (0.0, 1.0) (0.0, 1.0) (0.0, 1.0) (0.0, 1.0) (0.0, 1.0) (0.0, 1.0) (0.0, 1.0) (0.0, 1.0) (0.0, 1.0)",True,119.3452661037445
Kagome_Hubbard_199,3,1,9,1.0,0.2624383073416751,6.602732457328494,1.2,11,2.716573469112805,2.716573469112805,"MPS, L=9, bc='finite'.
chi: [4, 16, 64, 205, 205, 64, 16, 4]
sites: SpinHalfFermionSite('N', 'Sz', 1.000000) SpinHalfFermionSite('N', 'Sz', 1.000000) SpinHalfFermionSite('N', 'Sz', 1.000000) SpinHalfFermionSite('N', 'Sz', 1.000000) SpinHalfFermionSite('N', 'Sz', 1.000000) SpinHalfFermionSite('N', 'Sz', 1.000000) SpinHalfFermionSite('N', 'Sz', 1.000000) SpinHalfFermionSite('N', 'Sz', 1.000000) SpinHalfFermionSite('N', 'Sz', 1.000000)
forms: (0.0, 1.0) (0.0, 1.0) (0.0, 1.0) (0.0, 1.0) (0.0, 1.0) (0.0, 1.0) (0.0, 1.0) (0.0, 1.0) (0.0, 1.0)",True,191.75643754005432
Kagome_Hubbard_200,3,1,9,1.0,-0.17621452012943684,0.7997199430935283,0.417,4,-11.70459301691795,-11.70459301691795,"MPS, L=9, bc='finite'.
chi: [4, 15, 35, 48, 47, 35, 15, 4]
sites: SpinHalfFermionSite('N', 'Sz', 1.000000) SpinHalfFermionSite('N', 'Sz', 1.000000) SpinHalfFermionSite('N', 'Sz', 1.000000) SpinHalfFermionSite('N', 'Sz', 1.000000) SpinHalfFermionSite('N', 'Sz', 1.000000) SpinHalfFermionSite('N', 'Sz', 1.000000) SpinHalfFermionSite('N', 'Sz', 1.000000) SpinHalfFermionSite('N', 'Sz', 1.000000) SpinHalfFermionSite('N', 'Sz', 1.000000)
forms: (0.0, 1.0) (0.0, 1.0) (0.0, 1.0) (0.0, 1.0) (0.0, 1.0) (0.0, 1.0) (0.0, 1.0) (0.0, 1.0) (0.0, 1.0)",True,66.38915419578552
Kagome_Hubbard_201,3,1,9,1.0,-0.06033762191243136,2.5777699888374954,0.5,4,-12.226641438526148,-12.226641438526148,"MPS, L=9, bc='finite'.
chi: [4, 15, 35, 48, 48, 35, 15, 4]
sites: SpinHalfFermionSite('N', 'Sz', 1.000000) SpinHalfFermionSite('N', 'Sz', 1.000000) SpinHalfFermionSite('N', 'Sz', 1.000000) SpinHalfFermionSite('N', 'Sz', 1.000000) SpinHalfFermionSite('N', 'Sz', 1.000000) SpinHalfFermionSite('N', 'Sz', 1.000000) SpinHalfFermionSite('N', 'Sz', 1.000000) SpinHalfFermionSite('N', 'Sz', 1.000000) SpinHalfFermionSite('N', 'Sz', 1.000000)
forms: (0.0, 1.0) (0.0, 1.0) (0.0, 1.0) (0.0, 1.0) (0.0, 1.0) (0.0, 1.0) (0.0, 1.0) (0.0, 1.0) (0.0, 1.0)",True,66.28580045700073
Kagome_Hubbard_202,3,1,9,1.0,-0.2640012717120493,4.883150009579184,0.5,4,-10.138705805320328,-10.138705805320328,"MPS, L=9, bc='finite'.
chi: [4, 15, 35, 47, 48, 35, 15, 4]
sites: SpinHalfFermionSite('N', 'Sz', 1.000000) SpinHalfFermionSite('N', 'Sz', 1.000000) SpinHalfFermionSite('N', 'Sz', 1.000000) SpinHalfFermionSite('N', 'Sz', 1.000000) SpinHalfFermionSite('N', 'Sz', 1.000000) SpinHalfFermionSite('N', 'Sz', 1.000000) SpinHalfFermionSite('N', 'Sz', 1.000000) SpinHalfFermionSite('N', 'Sz', 1.000000) SpinHalfFermionSite('N', 'Sz', 1.000000)
forms: (1.0, 0.0) (1.0, 0.0) (0.0, 1.0) (0.0, 1.0) (0.0, 1.0) (0.0, 1.0) (0.0, 1.0) (0.0, 1.0) (0.0, 1.0)",True,71.76787424087524
Kagome_Hubbard_203,3,1,9,1.0,-0.1504811163557775,8.484832830317476,0.417,4,-10.616080058203245,-10.616080058203245,"MPS, L=9, bc='finite'.
chi: [4, 15, 35, 48, 48, 35, 15, 4]
sites: SpinHalfFermionSite('N', 'Sz', 1.000000) SpinHalfFermionSite('N', 'Sz', 1.000000) SpinHalfFermionSite('N', 'Sz', 1.000000) SpinHalfFermionSite('N', 'Sz', 1.000000) SpinHalfFermionSite('N', 'Sz', 1.000000) SpinHalfFermionSite('N', 'Sz', 1.000000) SpinHalfFermionSite('N', 'Sz', 1.000000) SpinHalfFermionSite('N', 'Sz', 1.000000) SpinHalfFermionSite('N', 'Sz', 1.000000)
forms: (1.0, 0.0) (1.0, 0.0) (0.0, 1.0) (0.0, 1.0) (0.0, 1.0) (0.0, 1.0) (0.0, 1.0) (0.0, 1.0) (0.0, 1.0)",True,70.05897426605225
Kagome_Hubbard_204,3,1,9,1.0,-0.16659227156816453,0.2907990829448555,0.5,4,-11.94078711695154,-11.94078711695154,"MPS, L=9, bc='finite'.
chi: [4, 15, 35, 47, 47, 35, 15, 4]
sites: SpinHalfFermionSite('N', 'Sz', 1.000000) SpinHalfFermionSite('N', 'Sz', 1.000000) SpinHalfFermionSite('N', 'Sz', 1.000000) SpinHalfFermionSite('N', 'Sz', 1.000000) SpinHalfFermionSite('N', 'Sz', 1.000000) SpinHalfFermionSite('N', 'Sz', 1.000000) SpinHalfFermionSite('N', 'Sz', 1.000000) SpinHalfFermionSite('N', 'Sz', 1.000000) SpinHalfFermionSite('N', 'Sz', 1.000000)
forms: (0.0, 1.0) (0.0, 1.0) (0.0, 1.0) (0.0, 1.0) (0.0, 1.0) (0.0, 1.0) (0.0, 1.0) (0.0, 1.0) (0.0, 1.0)",True,66.94912719726562
Kagome_Hubbard_205,3,1,9,1.0,-0.18033239564339365,7.265371532471603,1.0,9,-6.409803188546077,-6.409803188546077,"MPS, L=9, bc='finite'.
chi: [4, 16, 64, 256, 256, 64, 16, 4]
sites: SpinHalfFermionSite('N', 'Sz', 1.000000) SpinHalfFermionSite('N', 'Sz', 1.000000) SpinHalfFermionSite('N', 'Sz', 1.000000) SpinHalfFermionSite('N', 'Sz', 1.000000) SpinHalfFermionSite('N', 'Sz', 1.000000) SpinHalfFermionSite('N', 'Sz', 1.000000) SpinHalfFermionSite('N', 'Sz', 1.000000) SpinHalfFermionSite('N', 'Sz', 1.000000) SpinHalfFermionSite('N', 'Sz', 1.000000)
forms: (0.0, 1.0) (0.0, 1.0) (0.0, 1.0) (0.0, 1.0) (0.0, 1.0) (0.0, 1.0) (0.0, 1.0) (0.0, 1.0) (0.0, 1.0)",True,130.98030304908752
Kagome_Hubbard_206,3,1,9,1.0,-0.03277977089279904,8.751052507226728,1.2,11,9.220300834520895,9.220300834520895,"MPS, L=9, bc='finite'.
chi: [4, 16, 64, 205, 205, 64, 16, 4]
sites: SpinHalfFermionSite('N', 'Sz', 1.000000) SpinHalfFermionSite('N', 'Sz', 1.000000) SpinHalfFermionSite('N', 'Sz', 1.000000) SpinHalfFermionSite('N', 'Sz', 1.000000) SpinHalfFermionSite('N', 'Sz', 1.000000) SpinHalfFermionSite('N', 'Sz', 1.000000) SpinHalfFermionSite('N', 'Sz', 1.000000) SpinHalfFermionSite('N', 'Sz', 1.000000) SpinHalfFermionSite('N', 'Sz', 1.000000)
forms: (0.0, 1.0) (0.0, 1.0) (0.0, 1.0) (0.0, 1.0) (0.0, 1.0) (0.0, 1.0) (0.0, 1.0) (0.0, 1.0) (0.0, 1.0)",True,680.3526282310486
Kagome_Hubbard_207,3,1,9,1.0,-0.1972544125413824,6.534137220518627,0.8,7,-11.184295398828613,-11.184295398828613,"MPS, L=9, bc='finite'.
chi: [4, 16, 64, 205, 205, 64, 16, 4]
sites: SpinHalfFermionSite('N', 'Sz', 1.000000) SpinHalfFermionSite('N', 'Sz', 1.000000) SpinHalfFermionSite('N', 'Sz', 1.000000) SpinHalfFermionSite('N', 'Sz', 1.000000) SpinHalfFermionSite('N', 'Sz', 1.000000) SpinHalfFermionSite('N', 'Sz', 1.000000) SpinHalfFermionSite('N', 'Sz', 1.000000) SpinHalfFermionSite('N', 'Sz', 1.000000) SpinHalfFermionSite('N', 'Sz', 1.000000)
forms: (0.0, 1.0) (0.0, 1.0) (0.0, 1.0) (0.0, 1.0) (0.0, 1.0) (0.0, 1.0) (0.0, 1.0) (0.0, 1.0) (0.0, 1.0)",True,113.55350661277771
Kagome_Hubbard_208,3,1,9,1.0,-0.21876223878440448,9.787245446006146,1.2,11,11.87849701510914,11.87849701510914,"MPS, L=9, bc='finite'.
chi: [4, 16, 64, 205, 205, 64, 16, 4]
sites: SpinHalfFermionSite('N', 'Sz', 1.000000) SpinHalfFermionSite('N', 'Sz', 1.000000) SpinHalfFermionSite('N', 'Sz', 1.000000) SpinHalfFermionSite('N', 'Sz', 1.000000) SpinHalfFermionSite('N', 'Sz', 1.000000) SpinHalfFermionSite('N', 'Sz', 1.000000) SpinHalfFermionSite('N', 'Sz', 1.000000) SpinHalfFermionSite('N', 'Sz', 1.000000) SpinHalfFermionSite('N', 'Sz', 1.000000)
forms: (0.0, 1.0) (0.0, 1.0) (0.0, 1.0) (0.0, 1.0) (0.0, 1.0) (0.0, 1.0) (0.0, 1.0) (0.0, 1.0) (0.0, 1.0)",True,288.1333518028259
Kagome_Hubbard_209,3,1,9,1.0,0.18160670228026893,1.1432136662120522,1.0,9,-15.243915481293152,-15.243915481293152,"MPS, L=9, bc='finite'.
chi: [4, 16, 64, 256, 256, 64, 16, 4]
sites: SpinHalfFermionSite('N', 'Sz', 1.000000) SpinHalfFermionSite('N', 'Sz', 1.000000) SpinHalfFermionSite('N', 'Sz', 1.000000) SpinHalfFermionSite('N', 'Sz', 1.000000) SpinHalfFermionSite('N', 'Sz', 1.000000) SpinHalfFermionSite('N', 'Sz', 1.000000) SpinHalfFermionSite('N', 'Sz', 1.000000) SpinHalfFermionSite('N', 'Sz', 1.000000) SpinHalfFermionSite('N', 'Sz', 1.000000)
forms: (0.0, 1.0) (0.0, 1.0) (0.0, 1.0) (0.0, 1.0) (0.0, 1.0) (0.0, 1.0) (0.0, 1.0) (0.0, 1.0) (0.0, 1.0)",True,141.08949398994446
Kagome_Hubbard_210,3,1,9,1.0,0.09828230496567764,3.8450225339471364,0.5,4,-13.327275780246968,-13.327275780246968,"MPS, L=9, bc='finite'.
chi: [4, 15, 35, 48, 48, 35, 15, 4]
sites: SpinHalfFermionSite('N', 'Sz', 1.000000) SpinHalfFermionSite('N', 'Sz', 1.000000) SpinHalfFermionSite('N', 'Sz', 1.000000) SpinHalfFermionSite('N', 'Sz', 1.000000) SpinHalfFermionSite('N', 'Sz', 1.000000) SpinHalfFermionSite('N', 'Sz', 1.000000) SpinHalfFermionSite('N', 'Sz', 1.000000) SpinHalfFermionSite('N', 'Sz', 1.000000) SpinHalfFermionSite('N', 'Sz', 1.000000)
forms: (1.0, 0.0) (1.0, 0.0) (0.0, 1.0) (0.0, 1.0) (0.0, 1.0) (0.0, 1.0) (0.0, 1.0) (0.0, 1.0) (0.0, 1.0)",True,94.94343256950378
Kagome_Hubbard_211,3,1,9,1.0,-0.2881342825331094,9.080043230247494,1.2,11,10.432793258181881,10.432793258181881,"MPS, L=9, bc='finite'.
chi: [4, 16, 64, 205, 205, 64, 16, 4]
sites: SpinHalfFermionSite('N', 'Sz', 1.000000) SpinHalfFermionSite('N', 'Sz', 1.000000) SpinHalfFermionSite('N', 'Sz', 1.000000) SpinHalfFermionSite('N', 'Sz', 1.000000) SpinHalfFermionSite('N', 'Sz', 1.000000) SpinHalfFermionSite('N', 'Sz', 1.000000) SpinHalfFermionSite('N', 'Sz', 1.000000) SpinHalfFermionSite('N', 'Sz', 1.000000) SpinHalfFermionSite('N', 'Sz', 1.000000)
forms: (0.0, 1.0) (0.0, 1.0) (0.0, 1.0) (0.0, 1.0) (0.0, 1.0) (0.0, 1.0) (0.0, 1.0) (0.0, 1.0) (0.0, 1.0)",True,324.05077958106995
Kagome_Hubbard_212,3,1,9,1.0,-0.10213797404212255,0.6699054399966184,1.2,11,-11.532961907325447,-11.532961907325447,"MPS, L=9, bc='finite'.
chi: [4, 16, 64, 205, 205, 64, 16, 4]
sites: SpinHalfFermionSite('N', 'Sz', 1.000000) SpinHalfFermionSite('N', 'Sz', 1.000000) SpinHalfFermionSite('N', 'Sz', 1.000000) SpinHalfFermionSite('N', 'Sz', 1.000000) SpinHalfFermionSite('N', 'Sz', 1.000000) SpinHalfFermionSite('N', 'Sz', 1.000000) SpinHalfFermionSite('N', 'Sz', 1.000000) SpinHalfFermionSite('N', 'Sz', 1.000000) SpinHalfFermionSite('N', 'Sz', 1.000000)
forms: (0.0, 1.0) (0.0, 1.0) (0.0, 1.0) (0.0, 1.0) (0.0, 1.0) (0.0, 1.0) (0.0, 1.0) (0.0, 1.0) (0.0, 1.0)",True,88.79919815063477
Kagome_Hubbard_213,3,1,9,1.0,0.11301163981025647,7.856054384077188,0.5,4,-12.827461217945071,-12.827461217945071,"MPS, L=9, bc='finite'.
chi: [4, 15, 35, 48, 48, 35, 15, 4]
sites: SpinHalfFermionSite('N', 'Sz', 1.000000) SpinHalfFermionSite('N', 'Sz', 1.000000) SpinHalfFermionSite('N', 'Sz', 1.000000) SpinHalfFermionSite('N', 'Sz', 1.000000) SpinHalfFermionSite('N', 'Sz', 1.000000) SpinHalfFermionSite('N', 'Sz', 1.000000) SpinHalfFermionSite('N', 'Sz', 1.000000) SpinHalfFermionSite('N', 'Sz', 1.000000) SpinHalfFermionSite('N', 'Sz', 1.000000)
forms: (1.0, 0.0) (1.0, 0.0) (0.0, 1.0) (0.0, 1.0) (0.0, 1.0) (0.0, 1.0) (0.0, 1.0) (0.0, 1.0) (0.0, 1.0)",True,108.884530544281
Kagome_Hubbard_214,3,1,9,1.0,0.21926201529799966,4.492360677953883,1.0,9,-10.180138584481096,-10.180138584481096,"MPS, L=9, bc='finite'.
chi: [4, 16, 64, 256, 256, 64, 16, 4]
sites: SpinHalfFermionSite('N', 'Sz', 1.000000) SpinHalfFermionSite('N', 'Sz', 1.000000) SpinHalfFermionSite('N', 'Sz', 1.000000) SpinHalfFermionSite('N', 'Sz', 1.000000) SpinHalfFermionSite('N', 'Sz', 1.000000) SpinHalfFermionSite('N', 'Sz', 1.000000) SpinHalfFermionSite('N', 'Sz', 1.000000) SpinHalfFermionSite('N', 'Sz', 1.000000) SpinHalfFermionSite('N', 'Sz', 1.000000)
forms: (0.0, 1.0) (0.0, 1.0) (0.0, 1.0) (0.0, 1.0) (0.0, 1.0) (0.0, 1.0) (0.0, 1.0) (0.0, 1.0) (0.0, 1.0)",True,241.65105652809143
Kagome_Hubbard_215,3,1,9,1.0,0.2570068151051061,4.044834552731642,1.2,11,-3.383100257452087,-3.383100257452087,"MPS, L=9, bc='finite'.
chi: [4, 16, 64, 204, 205, 64, 16, 4]
sites: SpinHalfFermionSite('N', 'Sz', 1.000000) SpinHalfFermionSite('N', 'Sz', 1.000000) SpinHalfFermionSite('N', 'Sz', 1.000000) SpinHalfFermionSite('N', 'Sz', 1.000000) SpinHalfFermionSite('N', 'Sz', 1.000000) SpinHalfFermionSite('N', 'Sz', 1.000000) SpinHalfFermionSite('N', 'Sz', 1.000000) SpinHalfFermionSite('N', 'Sz', 1.000000) SpinHalfFermionSite('N', 'Sz', 1.000000)
forms: (0.0, 1.0) (0.0, 1.0) (0.0, 1.0) (0.0, 1.0) (0.0, 1.0) (0.0, 1.0) (0.0, 1.0) (0.0, 1.0) (0.0, 1.0)",True,150.88667821884155
Kagome_Hubbard_216,3,1,9,1.0,-0.10918378613052507,6.0650342821469625,0.5,4,-11.21005972850358,-11.21005972850358,"MPS, L=9, bc='finite'.
chi: [4, 15, 35, 48, 48, 35, 15, 4]
sites: SpinHalfFermionSite('N', 'Sz', 1.000000) SpinHalfFermionSite('N', 'Sz', 1.000000) SpinHalfFermionSite('N', 'Sz', 1.000000) SpinHalfFermionSite('N', 'Sz', 1.000000) SpinHalfFermionSite('N', 'Sz', 1.000000) SpinHalfFermionSite('N', 'Sz', 1.000000) SpinHalfFermionSite('N', 'Sz', 1.000000) SpinHalfFermionSite('N', 'Sz', 1.000000) SpinHalfFermionSite('N', 'Sz', 1.000000)
forms: (1.0, 0.0) (1.0, 0.0) (0.0, 1.0) (0.0, 1.0) (0.0, 1.0) (0.0, 1.0) (0.0, 1.0) (0.0, 1.0) (0.0, 1.0)",True,108.4181170463562
Kagome_Hubbard_217,3,1,9,1.0,-0.1897009380199177,1.727884173288003,1.2,11,-7.964690822928185,-7.964690822928185,"MPS, L=9, bc='finite'.
chi: [4, 16, 64, 205, 205, 64, 16, 4]
sites: SpinHalfFermionSite('N', 'Sz', 1.000000) SpinHalfFermionSite('N', 'Sz', 1.000000) SpinHalfFermionSite('N', 'Sz', 1.000000) SpinHalfFermionSite('N', 'Sz', 1.000000) SpinHalfFermionSite('N', 'Sz', 1.000000) SpinHalfFermionSite('N', 'Sz', 1.000000) SpinHalfFermionSite('N', 'Sz', 1.000000) SpinHalfFermionSite('N', 'Sz', 1.000000) SpinHalfFermionSite('N', 'Sz', 1.000000)
forms: (0.0, 1.0) (0.0, 1.0) (0.0, 1.0) (0.0, 1.0) (0.0, 1.0) (0.0, 1.0) (0.0, 1.0) (0.0, 1.0) (0.0, 1.0)",True,159.3912489414215
Kagome_Hubbard_218,3,1,9,1.0,-0.0734975004315101,5.561177394961531,0.333,3,-9.490234664151275,-9.490234664151275,"MPS, L=9, bc='finite'.
chi: [4, 11, 17, 20, 20, 17, 11, 4]
sites: SpinHalfFermionSite('N', 'Sz', 1.000000) SpinHalfFermionSite('N', 'Sz', 1.000000) SpinHalfFermionSite('N', 'Sz', 1.000000) SpinHalfFermionSite('N', 'Sz', 1.000000) SpinHalfFermionSite('N', 'Sz', 1.000000) SpinHalfFermionSite('N', 'Sz', 1.000000) SpinHalfFermionSite('N', 'Sz', 1.000000) SpinHalfFermionSite('N', 'Sz', 1.000000) SpinHalfFermionSite('N', 'Sz', 1.000000)
forms: (1.0, 0.0) (1.0, 0.0) (0.0, 1.0) (0.0, 1.0) (0.0, 1.0) (0.0, 1.0) (0.0, 1.0) (0.0, 1.0) (0.0, 1.0)",True,69.53271532058716
Kagome_Hubbard_219,3,1,9,1.0,-0.03721627361581137,6.628665362018026,0.8,7,-12.216005610677309,-12.216005610677309,"MPS, L=9, bc='finite'.
chi: [4, 16, 64, 205, 205, 64, 16, 4]
sites: SpinHalfFermionSite('N', 'Sz', 1.000000) SpinHalfFermionSite('N', 'Sz', 1.000000) SpinHalfFermionSite('N', 'Sz', 1.000000) SpinHalfFermionSite('N', 'Sz', 1.000000) SpinHalfFermionSite('N', 'Sz', 1.000000) SpinHalfFermionSite('N', 'Sz', 1.000000) SpinHalfFermionSite('N', 'Sz', 1.000000) SpinHalfFermionSite('N', 'Sz', 1.000000) SpinHalfFermionSite('N', 'Sz', 1.000000)
forms: (0.0, 1.0) (0.0, 1.0) (0.0, 1.0) (0.0, 1.0) (0.0, 1.0) (0.0, 1.0) (0.0, 1.0) (0.0, 1.0) (0.0, 1.0)",True,156.03233695030212
Kagome_Hubbard_220,3,1,9,1.0,-0.20018720980643168,0.212842741469766,1.2,11,-12.871140368794501,-12.871140368794501,"MPS, L=9, bc='finite'.
chi: [4, 16, 64, 204, 205, 64, 16, 4]
sites: SpinHalfFermionSite('N', 'Sz', 1.000000) SpinHalfFermionSite('N', 'Sz', 1.000000) SpinHalfFermionSite('N', 'Sz', 1.000000) SpinHalfFermionSite('N', 'Sz', 1.000000) SpinHalfFermionSite('N', 'Sz', 1.000000) SpinHalfFermionSite('N', 'Sz', 1.000000) SpinHalfFermionSite('N', 'Sz', 1.000000) SpinHalfFermionSite('N', 'Sz', 1.000000) SpinHalfFermionSite('N', 'Sz', 1.000000)
forms: (0.0, 1.0) (0.0, 1.0) (0.0, 1.0) (0.0, 1.0) (0.0, 1.0) (0.0, 1.0) (0.0, 1.0) (0.0, 1.0) (0.0, 1.0)",True,177.02410292625427
Kagome_Hubbard_221,3,1,9,1.0,0.2031249033574301,6.4117005898450845,1.2,11,2.6533851656732548,2.6533851656732548,"MPS, L=9, bc='finite'.
chi: [4, 16, 64, 204, 205, 64, 16, 4]
sites: SpinHalfFermionSite('N', 'Sz', 1.000000) SpinHalfFermionSite('N', 'Sz', 1.000000) SpinHalfFermionSite('N', 'Sz', 1.000000) SpinHalfFermionSite('N', 'Sz', 1.000000) SpinHalfFermionSite('N', 'Sz', 1.000000) SpinHalfFermionSite('N', 'Sz', 1.000000) SpinHalfFermionSite('N', 'Sz', 1.000000) SpinHalfFermionSite('N', 'Sz', 1.000000) SpinHalfFermionSite('N', 'Sz', 1.000000)
forms: (0.0, 1.0) (0.0, 1.0) (0.0, 1.0) (0.0, 1.0) (0.0, 1.0) (0.0, 1.0) (0.0, 1.0) (0.0, 1.0) (0.0, 1.0)",True,155.54291343688965
Kagome_Hubbard_222,3,1,9,1.0,0.12848272283314377,8.25584084274685,1.2,11,7.283615986299787,7.283615986299787,"MPS, L=9, bc='finite'.
chi: [4, 16, 64, 205, 205, 64, 16, 4]
sites: SpinHalfFermionSite('N', 'Sz', 1.000000) SpinHalfFermionSite('N', 'Sz', 1.000000) SpinHalfFermionSite('N', 'Sz', 1.000000) SpinHalfFermionSite('N', 'Sz', 1.000000) SpinHalfFermionSite('N', 'Sz', 1.000000) SpinHalfFermionSite('N', 'Sz', 1.000000) SpinHalfFermionSite('N', 'Sz', 1.000000) SpinHalfFermionSite('N', 'Sz', 1.000000) SpinHalfFermionSite('N', 'Sz', 1.000000)
forms: (0.0, 1.0) (0.0, 1.0) (0.0, 1.0) (0.0, 1.0) (0.0, 1.0) (0.0, 1.0) (0.0, 1.0) (0.0, 1.0) (0.0, 1.0)",True,196.19730496406555
Kagome_Hubbard_223,3,1,9,1.0,0.037438586438315324,3.6577768647309314,0.5,4,-12.836143226465538,-12.836143226465538,"MPS, L=9, bc='finite'.
chi: [4, 15, 35, 48, 48, 35, 15, 4]
sites: SpinHalfFermionSite('N', 'Sz', 1.000000) SpinHalfFermionSite('N', 'Sz', 1.000000) SpinHalfFermionSite('N', 'Sz', 1.000000) SpinHalfFermionSite('N', 'Sz', 1.000000) SpinHalfFermionSite('N', 'Sz', 1.000000) SpinHalfFermionSite('N', 'Sz', 1.000000) SpinHalfFermionSite('N', 'Sz', 1.000000) SpinHalfFermionSite('N', 'Sz', 1.000000) SpinHalfFermionSite('N', 'Sz', 1.000000)
forms: (1.0, 0.0) (1.0, 0.0) (0.0, 1.0) (0.0, 1.0) (0.0, 1.0) (0.0, 1.0) (0.0, 1.0) (0.0, 1.0) (0.0, 1.0)",True,60.91901779174805
Kagome_Hubbard_224,3,1,9,1.0,-0.16220760485597646,2.7507574584255217,0.5,4,-11.331900880014715,-11.331900880014715,"MPS, L=9, bc='finite'.
chi: [4, 15, 35, 48, 48, 35, 15, 4]
sites: SpinHalfFermionSite('N', 'Sz', 1.000000) SpinHalfFermionSite('N', 'Sz', 1.000000) SpinHalfFermionSite('N', 'Sz', 1.000000) SpinHalfFermionSite('N', 'Sz', 1.000000) SpinHalfFermionSite('N', 'Sz', 1.000000) SpinHalfFermionSite('N', 'Sz', 1.000000) SpinHalfFermionSite('N', 'Sz', 1.000000) SpinHalfFermionSite('N', 'Sz', 1.000000) SpinHalfFermionSite('N', 'Sz', 1.000000)
forms: (1.0, 0.0) (1.0, 0.0) (0.0, 1.0) (0.0, 1.0) (0.0, 1.0) (0.0, 1.0) (0.0, 1.0) (0.0, 1.0) (0.0, 1.0)",True,63.9632613658905
Kagome_Hubbard_225,3,1,9,1.0,-0.24018129078406203,1.1794235855980342,0.5,4,-11.06700396782456,-11.06700396782456,"MPS, L=9, bc='finite'.
chi: [4, 15, 35, 48, 48, 35, 15, 4]
sites: SpinHalfFermionSite('N', 'Sz', 1.000000) SpinHalfFermionSite('N', 'Sz', 1.000000) SpinHalfFermionSite('N', 'Sz', 1.000000) SpinHalfFermionSite('N', 'Sz', 1.000000) SpinHalfFermionSite('N', 'Sz', 1.000000) SpinHalfFermionSite('N', 'Sz', 1.000000) SpinHalfFermionSite('N', 'Sz', 1.000000) SpinHalfFermionSite('N', 'Sz', 1.000000) SpinHalfFermionSite('N', 'Sz', 1.000000)
forms: (1.0, 0.0) (1.0, 0.0) (0.0, 1.0) (0.0, 1.0) (0.0, 1.0) (0.0, 1.0) (0.0, 1.0) (0.0, 1.0) (0.0, 1.0)",True,59.47235727310181
Kagome_Hubbard_226,3,1,9,1.0,0.16382472005587606,4.7860759827021235,0.417,4,-13.722414151872913,-13.722414151872913,"MPS, L=9, bc='finite'.
chi: [4, 15, 35, 48, 48, 35, 15, 4]
sites: SpinHalfFermionSite('N', 'Sz', 1.000000) SpinHalfFermionSite('N', 'Sz', 1.000000) SpinHalfFermionSite('N', 'Sz', 1.000000) SpinHalfFermionSite('N', 'Sz', 1.000000) SpinHalfFermionSite('N', 'Sz', 1.000000) SpinHalfFermionSite('N', 'Sz', 1.000000) SpinHalfFermionSite('N', 'Sz', 1.000000) SpinHalfFermionSite('N', 'Sz', 1.000000) SpinHalfFermionSite('N', 'Sz', 1.000000)
forms: (1.0, 0.0) (1.0, 0.0) (0.0, 1.0) (0.0, 1.0) (0.0, 1.0) (0.0, 1.0) (0.0, 1.0) (0.0, 1.0) (0.0, 1.0)",True,60.07924795150757
Kagome_Hubbard_227,3,1,9,1.0,0.1875785206840183,9.992601103659993,1.0,9,-5.870885592888209,-5.870885592888209,"MPS, L=9, bc='finite'.
chi: [4, 16, 64, 256, 256, 64, 16, 4]
sites: SpinHalfFermionSite('N', 'Sz', 1.000000) SpinHalfFermionSite('N', 'Sz', 1.000000) SpinHalfFermionSite('N', 'Sz', 1.000000) SpinHalfFermionSite('N', 'Sz', 1.000000) SpinHalfFermionSite('N', 'Sz', 1.000000) SpinHalfFermionSite('N', 'Sz', 1.000000) SpinHalfFermionSite('N', 'Sz', 1.000000) SpinHalfFermionSite('N', 'Sz', 1.000000) SpinHalfFermionSite('N', 'Sz', 1.000000)
forms: (0.0, 1.0) (0.0, 1.0) (0.0, 1.0) (0.0, 1.0) (0.0, 1.0) (0.0, 1.0) (0.0, 1.0) (0.0, 1.0) (0.0, 1.0)",True,139.97351813316345
Kagome_Hubbard_228,3,1,9,1.0,-0.12331275200065889,7.964862628581569,0.8,7,-11.02763440056795,-11.02763440056795,"MPS, L=9, bc='finite'.
chi: [4, 16, 64, 205, 205, 64, 16, 4]
sites: SpinHalfFermionSite('N', 'Sz', 1.000000) SpinHalfFermionSite('N', 'Sz', 1.000000) SpinHalfFermionSite('N', 'Sz', 1.000000) SpinHalfFermionSite('N', 'Sz', 1.000000) SpinHalfFermionSite('N', 'Sz', 1.000000) SpinHalfFermionSite('N', 'Sz', 1.000000) SpinHalfFermionSite('N', 'Sz', 1.000000) SpinHalfFermionSite('N', 'Sz', 1.000000) SpinHalfFermionSite('N', 'Sz', 1.000000)
forms: (0.0, 1.0) (0.0, 1.0) (0.0, 1.0) (0.0, 1.0) (0.0, 1.0) (0.0, 1.0) (0.0, 1.0) (0.0, 1.0) (0.0, 1.0)",True,126.18756771087646
Kagome_Hubbard_229,3,1,9,1.0,-0.28213724789616346,6.401801892598275,0.417,4,-9.812356716418583,-9.812356716418583,"MPS, L=9, bc='finite'.
chi: [4, 15, 35, 48, 48, 35, 15, 4]
sites: SpinHalfFermionSite('N', 'Sz', 1.000000) SpinHalfFermionSite('N', 'Sz', 1.000000) SpinHalfFermionSite('N', 'Sz', 1.000000) SpinHalfFermionSite('N', 'Sz', 1.000000) SpinHalfFermionSite('N', 'Sz', 1.000000) SpinHalfFermionSite('N', 'Sz', 1.000000) SpinHalfFermionSite('N', 'Sz', 1.000000) SpinHalfFermionSite('N', 'Sz', 1.000000) SpinHalfFermionSite('N', 'Sz', 1.000000)
forms: (1.0, 0.0) (1.0, 0.0) (0.0, 1.0) (0.0, 1.0) (0.0, 1.0) (0.0, 1.0) (0.0, 1.0) (0.0, 1.0) (0.0, 1.0)",True,76.21435403823853
Kagome_Hubbard_230,3,1,9,1.0,0.10331904750959497,1.8846975192608426,0.333,3,-11.25136806177527,-11.25136806177527,"MPS, L=9, bc='finite'.
chi: [4, 11, 17, 20, 20, 17, 11, 4]
sites: SpinHalfFermionSite('N', 'Sz', 1.000000) SpinHalfFermionSite('N', 'Sz', 1.000000) SpinHalfFermionSite('N', 'Sz', 1.000000) SpinHalfFermionSite('N', 'Sz', 1.000000) SpinHalfFermionSite('N', 'Sz', 1.000000) SpinHalfFermionSite('N', 'Sz', 1.000000) SpinHalfFermionSite('N', 'Sz', 1.000000) SpinHalfFermionSite('N', 'Sz', 1.000000) SpinHalfFermionSite('N', 'Sz', 1.000000)
forms: (1.0, 0.0) (1.0, 0.0) (0.0, 1.0) (0.0, 1.0) (0.0, 1.0) (0.0, 1.0) (0.0, 1.0) (0.0, 1.0) (0.0, 1.0)",True,41.71748161315918
Kagome_Hubbard_231,3,1,9,1.0,0.01870681575483668,1.7415985867898356,0.417,4,-13.112395154983965,-13.112395154983965,"MPS, L=9, bc='finite'.
chi: [4, 15, 35, 48, 47, 35, 15, 4]
sites: SpinHalfFermionSite('N', 'Sz', 1.000000) SpinHalfFermionSite('N', 'Sz', 1.000000) SpinHalfFermionSite('N', 'Sz', 1.000000) SpinHalfFermionSite('N', 'Sz', 1.000000) SpinHalfFermionSite('N', 'Sz', 1.000000) SpinHalfFermionSite('N', 'Sz', 1.000000) SpinHalfFermionSite('N', 'Sz', 1.000000) SpinHalfFermionSite('N', 'Sz', 1.000000) SpinHalfFermionSite('N', 'Sz', 1.000000)
forms: (0.0, 1.0) (0.0, 1.0) (0.0, 1.0) (0.0, 1.0) (0.0, 1.0) (0.0, 1.0) (0.0, 1.0) (0.0, 1.0) (0.0, 1.0)",True,68.30346727371216
Kagome_Hubbard_232,3,1,9,1.0,0.2704253181718416,2.29956592974336,0.417,4,-15.210229850562753,-15.210229850562753,"MPS, L=9, bc='finite'.
chi: [4, 15, 35, 48, 48, 35, 15, 4]
sites: SpinHalfFermionSite('N', 'Sz', 1.000000) SpinHalfFermionSite('N', 'Sz', 1.000000) SpinHalfFermionSite('N', 'Sz', 1.000000) SpinHalfFermionSite('N', 'Sz', 1.000000) SpinHalfFermionSite('N', 'Sz', 1.000000) SpinHalfFermionSite('N', 'Sz', 1.000000) SpinHalfFermionSite('N', 'Sz', 1.000000) SpinHalfFermionSite('N', 'Sz', 1.000000) SpinHalfFermionSite('N', 'Sz', 1.000000)
forms: (1.0, 0.0) (1.0, 0.0) (0.0, 1.0) (0.0, 1.0) (0.0, 1.0) (0.0, 1.0) (0.0, 1.0) (0.0, 1.0) (0.0, 1.0)",True,69.87354922294617
Kagome_Hubbard_233,3,1,9,1.0,-0.01771953711843377,5.533354965495175,1.2,11,1.9048088039987425,1.9048088039987425,"MPS, L=9, bc='finite'.
chi: [4, 16, 64, 203, 204, 64, 16, 4]
sites: SpinHalfFermionSite('N', 'Sz', 1.000000) SpinHalfFermionSite('N', 'Sz', 1.000000) SpinHalfFermionSite('N', 'Sz', 1.000000) SpinHalfFermionSite('N', 'Sz', 1.000000) SpinHalfFermionSite('N', 'Sz', 1.000000) SpinHalfFermionSite('N', 'Sz', 1.000000) SpinHalfFermionSite('N', 'Sz', 1.000000) SpinHalfFermionSite('N', 'Sz', 1.000000) SpinHalfFermionSite('N', 'Sz', 1.000000)
forms: (0.0, 1.0) (0.0, 1.0) (0.0, 1.0) (0.0, 1.0) (0.0, 1.0) (0.0, 1.0) (0.0, 1.0) (0.0, 1.0) (0.0, 1.0)",True,285.2824022769928
Kagome_Hubbard_234,3,1,9,1.0,-0.19678294360714707,2.658024372800734,0.333,3,-8.764841285551167,-8.764841285551167,"MPS, L=9, bc='finite'.
chi: [4, 11, 17, 20, 20, 17, 11, 4]
sites: SpinHalfFermionSite('N', 'Sz', 1.000000) SpinHalfFermionSite('N', 'Sz', 1.000000) SpinHalfFermionSite('N', 'Sz', 1.000000) SpinHalfFermionSite('N', 'Sz', 1.000000) SpinHalfFermionSite('N', 'Sz', 1.000000) SpinHalfFermionSite('N', 'Sz', 1.000000) SpinHalfFermionSite('N', 'Sz', 1.000000) SpinHalfFermionSite('N', 'Sz', 1.000000) SpinHalfFermionSite('N', 'Sz', 1.000000)
forms: (1.0, 0.0) (1.0, 0.0) (0.0, 1.0) (0.0, 1.0) (0.0, 1.0) (0.0, 1.0) (0.0, 1.0) (0.0, 1.0) (0.0, 1.0)",True,46.66682195663452
Kagome_Hubbard_235,3,1,9,1.0,0.2419618601348365,0.7662932973913609,0.5,4,-15.377844257724934,-15.377844257724934,"MPS, L=9, bc='finite'.
chi: [4, 15, 35, 47, 47, 35, 15, 4]
sites: SpinHalfFermionSite('N', 'Sz', 1.000000) SpinHalfFermionSite('N', 'Sz', 1.000000) SpinHalfFermionSite('N', 'Sz', 1.000000) SpinHalfFermionSite('N', 'Sz', 1.000000) SpinHalfFermionSite('N', 'Sz', 1.000000) SpinHalfFermionSite('N', 'Sz', 1.000000) SpinHalfFermionSite('N', 'Sz', 1.000000) SpinHalfFermionSite('N', 'Sz', 1.000000) SpinHalfFermionSite('N', 'Sz', 1.000000)
forms: (1.0, 0.0) (1.0, 0.0) (0.0, 1.0) (0.0, 1.0) (0.0, 1.0) (0.0, 1.0) (0.0, 1.0) (0.0, 1.0) (0.0, 1.0)",True,73.3739366531372
Kagome_Hubbard_236,3,1,9,1.0,0.2004421780598788,9.707067580224665,1.0,9,-6.046309397701448,-6.046309397701448,"MPS, L=9, bc='finite'.
chi: [4, 16, 64, 256, 256, 64, 16, 4]
sites: SpinHalfFermionSite('N', 'Sz', 1.000000) SpinHalfFermionSite('N', 'Sz', 1.000000) SpinHalfFermionSite('N', 'Sz', 1.000000) SpinHalfFermionSite('N', 'Sz', 1.000000) SpinHalfFermionSite('N', 'Sz', 1.000000) SpinHalfFermionSite('N', 'Sz', 1.000000) SpinHalfFermionSite('N', 'Sz', 1.000000) SpinHalfFermionSite('N', 'Sz', 1.000000) SpinHalfFermionSite('N', 'Sz', 1.000000)
forms: (0.0, 1.0) (0.0, 1.0) (0.0, 1.0) (0.0, 1.0) (0.0, 1.0) (0.0, 1.0) (0.0, 1.0) (0.0, 1.0) (0.0, 1.0)",True,142.23272061347961
Kagome_Hubbard_237,3,1,9,1.0,-0.2677232132887622,8.989043926318901,0.417,4,-9.688171880742699,-9.688171880742699,"MPS, L=9, bc='finite'.
chi: [4, 15, 35, 48, 48, 35, 15, 4]
sites: SpinHalfFermionSite('N', 'Sz', 1.000000) SpinHalfFermionSite('N', 'Sz', 1.000000) SpinHalfFermionSite('N', 'Sz', 1.000000) SpinHalfFermionSite('N', 'Sz', 1.000000) SpinHalfFermionSite('N', 'Sz', 1.000000) SpinHalfFermionSite('N', 'Sz', 1.000000) SpinHalfFermionSite('N', 'Sz', 1.000000) SpinHalfFermionSite('N', 'Sz', 1.000000) SpinHalfFermionSite('N', 'Sz', 1.000000)
forms: (0.0, 1.0) (0.0, 1.0) (0.0, 1.0) (0.0, 1.0) (0.0, 1.0) (0.0, 1.0) (0.0, 1.0) (0.0, 1.0) (0.0, 1.0)",True,77.28723478317261
Kagome_Hubbard_238,3,1,9,1.0,0.15760726604943182,3.930398238249832,1.2,11,-2.995111586382068,-2.995111586382068,"MPS, L=9, bc='finite'.
chi: [4, 16, 64, 205, 205, 64, 16, 4]
sites: SpinHalfFermionSite('N', 'Sz', 1.000000) SpinHalfFermionSite('N', 'Sz', 1.000000) SpinHalfFermionSite('N', 'Sz', 1.000000) SpinHalfFermionSite('N', 'Sz', 1.000000) SpinHalfFermionSite('N', 'Sz', 1.000000) SpinHalfFermionSite('N', 'Sz', 1.000000) SpinHalfFermionSite('N', 'Sz', 1.000000) SpinHalfFermionSite('N', 'Sz', 1.000000) SpinHalfFermionSite('N', 'Sz', 1.000000)
forms: (0.0, 1.0) (0.0, 1.0) (0.0, 1.0) (0.0, 1.0) (0.0, 1.0) (0.0, 1.0) (0.0, 1.0) (0.0, 1.0) (0.0, 1.0)",True,171.78552198410034
Kagome_Hubbard_239,3,1,9,1.0,-0.014711363334809546,4.782332418312887,1.2,11,0.11932344469691424,0.11932344469691424,"MPS, L=9, bc='finite'.
chi: [4, 16, 64, 203, 203, 64, 16, 4]
sites: SpinHalfFermionSite('N', 'Sz', 1.000000) SpinHalfFermionSite('N', 'Sz', 1.000000) SpinHalfFermionSite('N', 'Sz', 1.000000) SpinHalfFermionSite('N', 'Sz', 1.000000) SpinHalfFermionSite('N', 'Sz', 1.000000) SpinHalfFermionSite('N', 'Sz', 1.000000) SpinHalfFermionSite('N', 'Sz', 1.000000) SpinHalfFermionSite('N', 'Sz', 1.000000) SpinHalfFermionSite('N', 'Sz', 1.000000)
forms: (0.0, 1.0) (0.0, 1.0) (0.0, 1.0) (0.0, 1.0) (0.0, 1.0) (0.0, 1.0) (0.0, 1.0) (0.0, 1.0) (0.0, 1.0)",True,357.0778269767761
Kagome_Hubbard_240,3,1,9,1.0,-0.12838856536224552,8.882382737551591,0.417,4,-10.752549307744694,-10.752549307744694,"MPS, L=9, bc='finite'.
chi: [4, 15, 35, 48, 48, 35, 15, 4]
sites: SpinHalfFermionSite('N', 'Sz', 1.000000) SpinHalfFermionSite('N', 'Sz', 1.000000) SpinHalfFermionSite('N', 'Sz', 1.000000) SpinHalfFermionSite('N', 'Sz', 1.000000) SpinHalfFermionSite('N', 'Sz', 1.000000) SpinHalfFermionSite('N', 'Sz', 1.000000) SpinHalfFermionSite('N', 'Sz', 1.000000) SpinHalfFermionSite('N', 'Sz', 1.000000) SpinHalfFermionSite('N', 'Sz', 1.000000)
forms: (1.0, 0.0) (1.0, 0.0) (0.0, 1.0) (0.0, 1.0) (0.0, 1.0) (0.0, 1.0) (0.0, 1.0) (0.0, 1.0) (0.0, 1.0)",True,71.45407962799072
Kagome_Hubbard_241,3,1,9,1.0,0.1305022012722588,5.817607874101452,1.0,9,-8.452888527761221,-8.452888527761221,"MPS, L=9, bc='finite'.
chi: [4, 16, 64, 256, 256, 64, 16, 4]
sites: SpinHalfFermionSite('N', 'Sz', 1.000000) SpinHalfFermionSite('N', 'Sz', 1.000000) SpinHalfFermionSite('N', 'Sz', 1.000000) SpinHalfFermionSite('N', 'Sz', 1.000000) SpinHalfFermionSite('N', 'Sz', 1.000000) SpinHalfFermionSite('N', 'Sz', 1.000000) SpinHalfFermionSite('N', 'Sz', 1.000000) SpinHalfFermionSite('N', 'Sz', 1.000000) SpinHalfFermionSite('N', 'Sz', 1.000000)
forms: (0.0, 1.0) (0.0, 1.0) (0.0, 1.0) (0.0, 1.0) (0.0, 1.0) (0.0, 1.0) (0.0, 1.0) (0.0, 1.0) (0.0, 1.0)",True,131.67659091949463
Kagome_Hubbard_242,3,1,9,1.0,0.12293950937509762,3.961310266844015,0.8,7,-15.112238783971204,-15.112238783971204,"MPS, L=9, bc='finite'.
chi: [4, 16, 64, 205, 205, 64, 16, 4]
sites: SpinHalfFermionSite('N', 'Sz', 1.000000) SpinHalfFermionSite('N', 'Sz', 1.000000) SpinHalfFermionSite('N', 'Sz', 1.000000) SpinHalfFermionSite('N', 'Sz', 1.000000) SpinHalfFermionSite('N', 'Sz', 1.000000) SpinHalfFermionSite('N', 'Sz', 1.000000) SpinHalfFermionSite('N', 'Sz', 1.000000) SpinHalfFermionSite('N', 'Sz', 1.000000) SpinHalfFermionSite('N', 'Sz', 1.000000)
forms: (0.0, 1.0) (0.0, 1.0) (0.0, 1.0) (0.0, 1.0) (0.0, 1.0) (0.0, 1.0) (0.0, 1.0) (0.0, 1.0) (0.0, 1.0)",True,122.18799781799316
Kagome_Hubbard_243,3,1,9,1.0,0.017213193792939285,1.06243511628216,0.8,7,-17.03380507559219,-17.03380507559219,"MPS, L=9, bc='finite'.
chi: [4, 16, 64, 203, 205, 64, 16, 4]
sites: SpinHalfFermionSite('N', 'Sz', 1.000000) SpinHalfFermionSite('N', 'Sz', 1.000000) SpinHalfFermionSite('N', 'Sz', 1.000000) SpinHalfFermionSite('N', 'Sz', 1.000000) SpinHalfFermionSite('N', 'Sz', 1.000000) SpinHalfFermionSite('N', 'Sz', 1.000000) SpinHalfFermionSite('N', 'Sz', 1.000000) SpinHalfFermionSite('N', 'Sz', 1.000000) SpinHalfFermionSite('N', 'Sz', 1.000000)
forms: (0.0, 1.0) (0.0, 1.0) (0.0, 1.0) (0.0, 1.0) (0.0, 1.0) (0.0, 1.0) (0.0, 1.0) (0.0, 1.0) (0.0, 1.0)",True,117.19416499137878
Kagome_Hubbard_244,3,1,9,1.0,0.04806134669193951,4.140629377164319,0.8,7,-14.392706131709634,-14.392706131709634,"MPS, L=9, bc='finite'.
chi: [4, 16, 64, 205, 205, 64, 16, 4]
sites: SpinHalfFermionSite('N', 'Sz', 1.000000) SpinHalfFermionSite('N', 'Sz', 1.000000) SpinHalfFermionSite('N', 'Sz', 1.000000) SpinHalfFermionSite('N', 'Sz', 1.000000) SpinHalfFermionSite('N', 'Sz', 1.000000) SpinHalfFermionSite('N', 'Sz', 1.000000) SpinHalfFermionSite('N', 'Sz', 1.000000) SpinHalfFermionSite('N', 'Sz', 1.000000) SpinHalfFermionSite('N', 'Sz', 1.000000)
forms: (0.0, 1.0) (0.0, 1.0) (0.0, 1.0) (0.0, 1.0) (0.0, 1.0) (0.0, 1.0) (0.0, 1.0) (0.0, 1.0) (0.0, 1.0)",True,118.7238199710846
Kagome_Hubbard_245,3,1,9,1.0,-0.11789783788131991,6.874966993261234,0.8,7,-11.543493070933238,-11.543493070933238,"MPS, L=9, bc='finite'.
chi: [4, 16, 64, 205, 205, 64, 16, 4]
sites: SpinHalfFermionSite('N', 'Sz', 1.000000) SpinHalfFermionSite('N', 'Sz', 1.000000) SpinHalfFermionSite('N', 'Sz', 1.000000) SpinHalfFermionSite('N', 'Sz', 1.000000) SpinHalfFermionSite('N', 'Sz', 1.000000) SpinHalfFermionSite('N', 'Sz', 1.000000) SpinHalfFermionSite('N', 'Sz', 1.000000) SpinHalfFermionSite('N', 'Sz', 1.000000) SpinHalfFermionSite('N', 'Sz', 1.000000)
forms: (0.0, 1.0) (0.0, 1.0) (0.0, 1.0) (0.0, 1.0) (0.0, 1.0) (0.0, 1.0) (0.0, 1.0) (0.0, 1.0) (0.0, 1.0)",True,118.6341404914856
Kagome_Hubbard_246,3,1,9,1.0,-0.225932166058558,8.303131444665683,0.5,4,-10.05399795927932,-10.05399795927932,"MPS, L=9, bc='finite'.
chi: [4, 15, 35, 48, 48, 35, 15, 4]
sites: SpinHalfFermionSite('N', 'Sz', 1.000000) SpinHalfFermionSite('N', 'Sz', 1.000000) SpinHalfFermionSite('N', 'Sz', 1.000000) SpinHalfFermionSite('N', 'Sz', 1.000000) SpinHalfFermionSite('N', 'Sz', 1.000000) SpinHalfFermionSite('N', 'Sz', 1.000000) SpinHalfFermionSite('N', 'Sz', 1.000000) SpinHalfFermionSite('N', 'Sz', 1.000000) SpinHalfFermionSite('N', 'Sz', 1.000000)
forms: (1.0, 0.0) (1.0, 0.0) (0.0, 1.0) (0.0, 1.0) (0.0, 1.0) (0.0, 1.0) (0.0, 1.0) (0.0, 1.0) (0.0, 1.0)",True,80.59267354011536
Kagome_Hubbard_247,3,1,9,1.0,-0.040285010268676646,0.8590643318003446,0.333,3,-10.224358069535526,-10.224358069535526,"MPS, L=9, bc='finite'.
chi: [4, 11, 17, 20, 20, 17, 11, 4]
sites: SpinHalfFermionSite('N', 'Sz', 1.000000) SpinHalfFermionSite('N', 'Sz', 1.000000) SpinHalfFermionSite('N', 'Sz', 1.000000) SpinHalfFermionSite('N', 'Sz', 1.000000) SpinHalfFermionSite('N', 'Sz', 1.000000) SpinHalfFermionSite('N', 'Sz', 1.000000) SpinHalfFermionSite('N', 'Sz', 1.000000) SpinHalfFermionSite('N', 'Sz', 1.000000) SpinHalfFermionSite('N', 'Sz', 1.000000)
forms: (1.0, 0.0) (1.0, 0.0) (0.0, 1.0) (0.0, 1.0) (0.0, 1.0) (0.0, 1.0) (0.0, 1.0) (0.0, 1.0) (0.0, 1.0)",True,42.42381811141968
Kagome_Hubbard_248,3,1,9,1.0,0.10963975506549606,6.3603971797509855,0.5,4,-12.997028451839396,-12.997028451839396,"MPS, L=9, bc='finite'.
chi: [4, 15, 35, 48, 48, 35, 15, 4]
sites: SpinHalfFermionSite('N', 'Sz', 1.000000) SpinHalfFermionSite('N', 'Sz', 1.000000) SpinHalfFermionSite('N', 'Sz', 1.000000) SpinHalfFermionSite('N', 'Sz', 1.000000) SpinHalfFermionSite('N', 'Sz', 1.000000) SpinHalfFermionSite('N', 'Sz', 1.000000) SpinHalfFermionSite('N', 'Sz', 1.000000) SpinHalfFermionSite('N', 'Sz', 1.000000) SpinHalfFermionSite('N', 'Sz', 1.000000)
forms: (1.0, 0.0) (1.0, 0.0) (0.0, 1.0) (0.0, 1.0) (0.0, 1.0) (0.0, 1.0) (0.0, 1.0) (0.0, 1.0) (0.0, 1.0)",True,69.4757010936737
Kagome_Hubbard_249,3,1,9,1.0,0.12735592490244574,1.4234883332819541,0.333,3,-11.52728358690905,-11.52728358690905,"MPS, L=9, bc='finite'.
chi: [4, 11, 17, 20, 20, 17, 11, 4]
sites: SpinHalfFermionSite('N', 'Sz', 1.000000) SpinHalfFermionSite('N', 'Sz', 1.000000) SpinHalfFermionSite('N', 'Sz', 1.000000) SpinHalfFermionSite('N', 'Sz', 1.000000) SpinHalfFermionSite('N', 'Sz', 1.000000) SpinHalfFermionSite('N', 'Sz', 1.000000) SpinHalfFermionSite('N', 'Sz', 1.000000) SpinHalfFermionSite('N', 'Sz', 1.000000) SpinHalfFermionSite('N', 'Sz', 1.000000)
forms: (1.0, 0.0) (1.0, 0.0) (0.0, 1.0) (0.0, 1.0) (0.0, 1.0) (0.0, 1.0) (0.0, 1.0) (0.0, 1.0) (0.0, 1.0)",True,41.85672903060913
Kagome_Hubbard_250,3,1,9,1.0,-0.28410365697321976,7.9422057922519524,0.333,3,-8.200096293432745,-8.200096293432745,"MPS, L=9, bc='finite'.
chi: [3, 7, 7, 14, 14, 7, 7, 3]
sites: SpinHalfFermionSite('N', 'Sz', 1.000000) SpinHalfFermionSite('N', 'Sz', 1.000000) SpinHalfFermionSite('N', 'Sz', 1.000000) SpinHalfFermionSite('N', 'Sz', 1.000000) SpinHalfFermionSite('N', 'Sz', 1.000000) SpinHalfFermionSite('N', 'Sz', 1.000000) SpinHalfFermionSite('N', 'Sz', 1.000000) SpinHalfFermionSite('N', 'Sz', 1.000000) SpinHalfFermionSite('N', 'Sz', 1.000000)
forms: (1.0, 0.0) (1.0, 0.0) (0.0, 1.0) (0.0, 1.0) (0.0, 1.0) (0.0, 1.0) (0.0, 1.0) (0.0, 1.0) (0.0, 1.0)",True,42.17355251312256
Kagome_Hubbard_251,3,1,9,1.0,0.1828300057018194,4.232093849800881,1.0,9,-10.329506651834278,-10.329506651834278,"MPS, L=9, bc='finite'.
chi: [4, 16, 64, 256, 256, 64, 16, 4]
sites: SpinHalfFermionSite('N', 'Sz', 1.000000) SpinHalfFermionSite('N', 'Sz', 1.000000) SpinHalfFermionSite('N', 'Sz', 1.000000) SpinHalfFermionSite('N', 'Sz', 1.000000) SpinHalfFermionSite('N', 'Sz', 1.000000) SpinHalfFermionSite('N', 'Sz', 1.000000) SpinHalfFermionSite('N', 'Sz', 1.000000) SpinHalfFermionSite('N', 'Sz', 1.000000) SpinHalfFermionSite('N', 'Sz', 1.000000)
forms: (0.0, 1.0) (0.0, 1.0) (0.0, 1.0) (0.0, 1.0) (0.0, 1.0) (0.0, 1.0) (0.0, 1.0) (0.0, 1.0) (0.0, 1.0)",True,128.95057559013367
Kagome_Hubbard_252,3,1,9,1.0,0.19108738730322894,4.195238247213879,0.417,4,-14.07419945097486,-14.07419945097486,"MPS, L=9, bc='finite'.
chi: [4, 15, 35, 48, 48, 35, 15, 4]
sites: SpinHalfFermionSite('N', 'Sz', 1.000000) SpinHalfFermionSite('N', 'Sz', 1.000000) SpinHalfFermionSite('N', 'Sz', 1.000000) SpinHalfFermionSite('N', 'Sz', 1.000000) SpinHalfFermionSite('N', 'Sz', 1.000000) SpinHalfFermionSite('N', 'Sz', 1.000000) SpinHalfFermionSite('N', 'Sz', 1.000000) SpinHalfFermionSite('N', 'Sz', 1.000000) SpinHalfFermionSite('N', 'Sz', 1.000000)
forms: (0.0, 1.0) (0.0, 1.0) (0.0, 1.0) (0.0, 1.0) (0.0, 1.0) (0.0, 1.0) (0.0, 1.0) (0.0, 1.0) (0.0, 1.0)",True,71.09814405441284
Kagome_Hubbard_253,3,1,9,1.0,0.050659608363167186,6.480319310692959,0.417,4,-12.47842375353469,-12.47842375353469,"MPS, L=9, bc='finite'.
chi: [4, 15, 35, 48, 48, 35, 15, 4]
sites: SpinHalfFermionSite('N', 'Sz', 1.000000) SpinHalfFermionSite('N', 'Sz', 1.000000) SpinHalfFermionSite('N', 'Sz', 1.000000) SpinHalfFermionSite('N', 'Sz', 1.000000) SpinHalfFermionSite('N', 'Sz', 1.000000) SpinHalfFermionSite('N', 'Sz', 1.000000) SpinHalfFermionSite('N', 'Sz', 1.000000) SpinHalfFermionSite('N', 'Sz', 1.000000) SpinHalfFermionSite('N', 'Sz', 1.000000)
forms: (0.0, 1.0) (0.0, 1.0) (0.0, 1.0) (0.0, 1.0) (0.0, 1.0) (0.0, 1.0) (0.0, 1.0) (0.0, 1.0) (0.0, 1.0)",True,69.20395278930664
Kagome_Hubbard_254,3,1,9,1.0,-0.15444394162170613,8.203515174208281,1.2,11,8.310098705703265,8.310098705703265,"MPS, L=9, bc='finite'.
chi: [4, 16, 64, 205, 205, 64, 16, 4]
sites: SpinHalfFermionSite('N', 'Sz', 1.000000) SpinHalfFermionSite('N', 'Sz', 1.000000) SpinHalfFermionSite('N', 'Sz', 1.000000) SpinHalfFermionSite('N', 'Sz', 1.000000) SpinHalfFermionSite('N', 'Sz', 1.000000) SpinHalfFermionSite('N', 'Sz', 1.000000) SpinHalfFermionSite('N', 'Sz', 1.000000) SpinHalfFermionSite('N', 'Sz', 1.000000) SpinHalfFermionSite('N', 'Sz', 1.000000)
forms: (0.0, 1.0) (0.0, 1.0) (0.0, 1.0) (0.0, 1.0) (0.0, 1.0) (0.0, 1.0) (0.0, 1.0) (0.0, 1.0) (0.0, 1.0)",True,173.22681617736816
Kagome_Hubbard_255,3,1,9,1.0,-0.08730154523509784,1.3334761460449223,0.8,7,-15.9016845305467,-15.9016845305467,"MPS, L=9, bc='finite'.
chi: [4, 16, 64, 204, 205, 64, 16, 4]
sites: SpinHalfFermionSite('N', 'Sz', 1.000000) SpinHalfFermionSite('N', 'Sz', 1.000000) SpinHalfFermionSite('N', 'Sz', 1.000000) SpinHalfFermionSite('N', 'Sz', 1.000000) SpinHalfFermionSite('N', 'Sz', 1.000000) SpinHalfFermionSite('N', 'Sz', 1.000000) SpinHalfFermionSite('N', 'Sz', 1.000000) SpinHalfFermionSite('N', 'Sz', 1.000000) SpinHalfFermionSite('N', 'Sz', 1.000000)
forms: (0.0, 1.0) (0.0, 1.0) (0.0, 1.0) (0.0, 1.0) (0.0, 1.0) (0.0, 1.0) (0.0, 1.0) (0.0, 1.0) (0.0, 1.0)",True,116.27023243904114
Kagome_Hubbard_256,3,1,9,1.0,0.053579572599169845,3.9800863255934753,0.333,3,-10.585345226525106,-10.585345226525106,"MPS, L=9, bc='finite'.
chi: [4, 11, 17, 20, 20, 17, 11, 4]
sites: SpinHalfFermionSite('N', 'Sz', 1.000000) SpinHalfFermionSite('N', 'Sz', 1.000000) SpinHalfFermionSite('N', 'Sz', 1.000000) SpinHalfFermionSite('N', 'Sz', 1.000000) SpinHalfFermionSite('N', 'Sz', 1.000000) SpinHalfFermionSite('N', 'Sz', 1.000000) SpinHalfFermionSite('N', 'Sz', 1.000000) SpinHalfFermionSite('N', 'Sz', 1.000000) SpinHalfFermionSite('N', 'Sz', 1.000000)
forms: (1.0, 0.0) (1.0, 0.0) (0.0, 1.0) (0.0, 1.0) (0.0, 1.0) (0.0, 1.0) (0.0, 1.0) (0.0, 1.0) (0.0, 1.0)",True,42.73217558860779
Kagome_Hubbard_257,3,1,9,1.0,-0.020836813383407093,1.1337629870512191,0.8,7,-16.647305742154938,-16.647305742154938,"MPS, L=9, bc='finite'.
chi: [4, 16, 64, 204, 205, 64, 16, 4]
sites: SpinHalfFermionSite('N', 'Sz', 1.000000) SpinHalfFermionSite('N', 'Sz', 1.000000) SpinHalfFermionSite('N', 'Sz', 1.000000) SpinHalfFermionSite('N', 'Sz', 1.000000) SpinHalfFermionSite('N', 'Sz', 1.000000) SpinHalfFermionSite('N', 'Sz', 1.000000) SpinHalfFermionSite('N', 'Sz', 1.000000) SpinHalfFermionSite('N', 'Sz', 1.000000) SpinHalfFermionSite('N', 'Sz', 1.000000)
forms: (0.0, 1.0) (0.0, 1.0) (0.0, 1.0) (0.0, 1.0) (0.0, 1.0) (0.0, 1.0) (0.0, 1.0) (0.0, 1.0) (0.0, 1.0)",True,116.06803584098816
Kagome_Hubbard_258,3,1,9,1.0,0.07496677043359257,1.9890689627256528,0.333,3,-10.999254171057496,-10.999254171057496,"MPS, L=9, bc='finite'.
chi: [4, 11, 17, 20, 20, 17, 11, 4]
sites: SpinHalfFermionSite('N', 'Sz', 1.000000) SpinHalfFermionSite('N', 'Sz', 1.000000) SpinHalfFermionSite('N', 'Sz', 1.000000) SpinHalfFermionSite('N', 'Sz', 1.000000) SpinHalfFermionSite('N', 'Sz', 1.000000) SpinHalfFermionSite('N', 'Sz', 1.000000) SpinHalfFermionSite('N', 'Sz', 1.000000) SpinHalfFermionSite('N', 'Sz', 1.000000) SpinHalfFermionSite('N', 'Sz', 1.000000)
forms: (1.0, 0.0) (1.0, 0.0) (0.0, 1.0) (0.0, 1.0) (0.0, 1.0) (0.0, 1.0) (0.0, 1.0) (0.0, 1.0) (0.0, 1.0)",True,41.47689986228943
Kagome_Hubbard_259,3,1,9,1.0,0.1360809498329571,0.9607951387335345,1.2,11,-11.459441864553693,-11.459441864553693,"MPS, L=9, bc='finite'.
chi: [4, 16, 64, 205, 205, 64, 16, 4]
sites: SpinHalfFermionSite('N', 'Sz', 1.000000) SpinHalfFermionSite('N', 'Sz', 1.000000) SpinHalfFermionSite('N', 'Sz', 1.000000) SpinHalfFermionSite('N', 'Sz', 1.000000) SpinHalfFermionSite('N', 'Sz', 1.000000) SpinHalfFermionSite('N', 'Sz', 1.000000) SpinHalfFermionSite('N', 'Sz', 1.000000) SpinHalfFermionSite('N', 'Sz', 1.000000) SpinHalfFermionSite('N', 'Sz', 1.000000)
forms: (0.0, 1.0) (0.0, 1.0) (0.0, 1.0) (0.0, 1.0) (0.0, 1.0) (0.0, 1.0) (0.0, 1.0) (0.0, 1.0) (0.0, 1.0)",True,120.81663107872009
Kagome_Hubbard_260,3,1,9,1.0,-0.07991444572204934,4.545265149935643,1.0,9,-8.921643607295874,-8.921643607295874,"MPS, L=9, bc='finite'.
chi: [4, 16, 64, 256, 256, 64, 16, 4]
sites: SpinHalfFermionSite('N', 'Sz', 1.000000) SpinHalfFermionSite('N', 'Sz', 1.000000) SpinHalfFermionSite('N', 'Sz', 1.000000) SpinHalfFermionSite('N', 'Sz', 1.000000) SpinHalfFermionSite('N', 'Sz', 1.000000) SpinHalfFermionSite('N', 'Sz', 1.000000) SpinHalfFermionSite('N', 'Sz', 1.000000) SpinHalfFermionSite('N', 'Sz', 1.000000) SpinHalfFermionSite('N', 'Sz', 1.000000)
forms: (0.0, 1.0) (0.0, 1.0) (0.0, 1.0) (0.0, 1.0) (0.0, 1.0) (0.0, 1.0) (0.0, 1.0) (0.0, 1.0) (0.0, 1.0)",True,128.42807126045227
Kagome_Hubbard_261,3,1,9,1.0,-0.19506576970977318,3.2876276495314114,0.5,4,-10.952878227859287,-10.952878227859287,"MPS, L=9, bc='finite'.
chi: [4, 15, 35, 48, 48, 35, 15, 4]
sites: SpinHalfFermionSite('N', 'Sz', 1.000000) SpinHalfFermionSite('N', 'Sz', 1.000000) SpinHalfFermionSite('N', 'Sz', 1.000000) SpinHalfFermionSite('N', 'Sz', 1.000000) SpinHalfFermionSite('N', 'Sz', 1.000000) SpinHalfFermionSite('N', 'Sz', 1.000000) SpinHalfFermionSite('N', 'Sz', 1.000000) SpinHalfFermionSite('N', 'Sz', 1.000000) SpinHalfFermionSite('N', 'Sz', 1.000000)
forms: (1.0, 0.0) (1.0, 0.0) (0.0, 1.0) (0.0, 1.0) (0.0, 1.0) (0.0, 1.0) (0.0, 1.0) (0.0, 1.0) (0.0, 1.0)",True,77.31622123718262
Kagome_Hubbard_262,3,1,9,1.0,-0.09872529930770638,4.518049291695235,1.0,9,-8.882552050780406,-8.882552050780406,"MPS, L=9, bc='finite'.
chi: [4, 16, 64, 256, 256, 64, 16, 4]
sites: SpinHalfFermionSite('N', 'Sz', 1.000000) SpinHalfFermionSite('N', 'Sz', 1.000000) SpinHalfFermionSite('N', 'Sz', 1.000000) SpinHalfFermionSite('N', 'Sz', 1.000000) SpinHalfFermionSite('N', 'Sz', 1.000000) SpinHalfFermionSite('N', 'Sz', 1.000000) SpinHalfFermionSite('N', 'Sz', 1.000000) SpinHalfFermionSite('N', 'Sz', 1.000000) SpinHalfFermionSite('N', 'Sz', 1.000000)
forms: (0.0, 1.0) (0.0, 1.0) (0.0, 1.0) (0.0, 1.0) (0.0, 1.0) (0.0, 1.0) (0.0, 1.0) (0.0, 1.0) (0.0, 1.0)",True,131.17018365859985
Kagome_Hubbard_263,3,1,9,1.0,-0.006571235213214011,0.4113439768209026,1.2,11,-12.586856776229542,-12.586856776229542,"MPS, L=9, bc='finite'.
chi: [4, 16, 64, 203, 204, 64, 16, 4]
sites: SpinHalfFermionSite('N', 'Sz', 1.000000) SpinHalfFermionSite('N', 'Sz', 1.000000) SpinHalfFermionSite('N', 'Sz', 1.000000) SpinHalfFermionSite('N', 'Sz', 1.000000) SpinHalfFermionSite('N', 'Sz', 1.000000) SpinHalfFermionSite('N', 'Sz', 1.000000) SpinHalfFermionSite('N', 'Sz', 1.000000) SpinHalfFermionSite('N', 'Sz', 1.000000) SpinHalfFermionSite('N', 'Sz', 1.000000)
forms: (0.0, 1.0) (0.0, 1.0) (0.0, 1.0) (0.0, 1.0) (0.0, 1.0) (0.0, 1.0) (0.0, 1.0) (0.0, 1.0) (0.0, 1.0)",True,123.34240865707397
Kagome_Hubbard_264,3,1,9,1.0,-0.158000338595545,4.984661231564883,0.417,4,-10.96608430502577,-10.96608430502577,"MPS, L=9, bc='finite'.
chi: [4, 15, 35, 48, 48, 35, 15, 4]
sites: SpinHalfFermionSite('N', 'Sz', 1.000000) SpinHalfFermionSite('N', 'Sz', 1.000000) SpinHalfFermionSite('N', 'Sz', 1.000000) SpinHalfFermionSite('N', 'Sz', 1.000000) SpinHalfFermionSite('N', 'Sz', 1.000000) SpinHalfFermionSite('N', 'Sz', 1.000000) SpinHalfFermionSite('N', 'Sz', 1.000000) SpinHalfFermionSite('N', 'Sz', 1.000000) SpinHalfFermionSite('N', 'Sz', 1.000000)
forms: (1.0, 0.0) (1.0, 0.0) (0.0, 1.0) (0.0, 1.0) (0.0, 1.0) (0.0, 1.0) (0.0, 1.0) (0.0, 1.0) (0.0, 1.0)",True,73.05311298370361
Kagome_Hubbard_265,3,1,9,1.0,-0.22267256614448616,1.6615791770594976,0.417,4,-11.08472179565767,-11.08472179565767,"MPS, L=9, bc='finite'.
chi: [4, 15, 35, 48, 48, 35, 15, 4]
sites: SpinHalfFermionSite('N', 'Sz', 1.000000) SpinHalfFermionSite('N', 'Sz', 1.000000) SpinHalfFermionSite('N', 'Sz', 1.000000) SpinHalfFermionSite('N', 'Sz', 1.000000) SpinHalfFermionSite('N', 'Sz', 1.000000) SpinHalfFermionSite('N', 'Sz', 1.000000) SpinHalfFermionSite('N', 'Sz', 1.000000) SpinHalfFermionSite('N', 'Sz', 1.000000) SpinHalfFermionSite('N', 'Sz', 1.000000)
forms: (1.0, 0.0) (1.0, 0.0) (0.0, 1.0) (0.0, 1.0) (0.0, 1.0) (0.0, 1.0) (0.0, 1.0) (0.0, 1.0) (0.0, 1.0)",True,71.49202823638916
Kagome_Hubbard_266,3,1,9,1.0,0.19318686010556518,4.678226334676156,0.333,3,-11.652052048135863,-11.652052048135863,"MPS, L=9, bc='finite'.
chi: [4, 11, 17, 20, 20, 17, 11, 4]
sites: SpinHalfFermionSite('N', 'Sz', 1.000000) SpinHalfFermionSite('N', 'Sz', 1.000000) SpinHalfFermionSite('N', 'Sz', 1.000000) SpinHalfFermionSite('N', 'Sz', 1.000000) SpinHalfFermionSite('N', 'Sz', 1.000000) SpinHalfFermionSite('N', 'Sz', 1.000000) SpinHalfFermionSite('N', 'Sz', 1.000000) SpinHalfFermionSite('N', 'Sz', 1.000000) SpinHalfFermionSite('N', 'Sz', 1.000000)
forms: (1.0, 0.0) (1.0, 0.0) (0.0, 1.0) (0.0, 1.0) (0.0, 1.0) (0.0, 1.0) (0.0, 1.0) (0.0, 1.0) (0.0, 1.0)",True,42.67611384391785
Kagome_Hubbard_267,3,1,9,1.0,-0.12449208486837188,0.8274725433754159,0.417,4,-12.132356572268069,-12.132356572268069,"MPS, L=9, bc='finite'.
chi: [4, 15, 35, 48, 47, 35, 15, 4]
sites: SpinHalfFermionSite('N', 'Sz', 1.000000) SpinHalfFermionSite('N', 'Sz', 1.000000) SpinHalfFermionSite('N', 'Sz', 1.000000) SpinHalfFermionSite('N', 'Sz', 1.000000) SpinHalfFermionSite('N', 'Sz', 1.000000) SpinHalfFermionSite('N', 'Sz', 1.000000) SpinHalfFermionSite('N', 'Sz', 1.000000) SpinHalfFermionSite('N', 'Sz', 1.000000) SpinHalfFermionSite('N', 'Sz', 1.000000)
forms: (0.0, 1.0) (0.0, 1.0) (0.0, 1.0) (0.0, 1.0) (0.0, 1.0) (0.0, 1.0) (0.0, 1.0) (0.0, 1.0) (0.0, 1.0)",True,71.41028189659119
Kagome_Hubbard_268,3,1,9,1.0,-0.25771823721160453,9.59383754848863,0.8,7,-9.636779589949384,-9.636779589949384,"MPS, L=9, bc='finite'.
chi: [4, 16, 64, 205, 205, 64, 16, 4]
sites: SpinHalfFermionSite('N', 'Sz', 1.000000) SpinHalfFermionSite('N', 'Sz', 1.000000) SpinHalfFermionSite('N', 'Sz', 1.000000) SpinHalfFermionSite('N', 'Sz', 1.000000) SpinHalfFermionSite('N', 'Sz', 1.000000) SpinHalfFermionSite('N', 'Sz', 1.000000) SpinHalfFermionSite('N', 'Sz', 1.000000) SpinHalfFermionSite('N', 'Sz', 1.000000) SpinHalfFermionSite('N', 'Sz', 1.000000)
forms: (0.0, 1.0) (0.0, 1.0) (0.0, 1.0) (0.0, 1.0) (0.0, 1.0) (0.0, 1.0) (0.0, 1.0) (0.0, 1.0) (0.0, 1.0)",True,119.5408546924591
Kagome_Hubbard_269,3,1,9,1.0,-0.2180827361831305,0.9653325743322749,1.2,11,-10.333430450731477,-10.333430450731477,"MPS, L=9, bc='finite'.
chi: [4, 16, 64, 205, 205, 64, 16, 4]
sites: SpinHalfFermionSite('N', 'Sz', 1.000000) SpinHalfFermionSite('N', 'Sz', 1.000000) SpinHalfFermionSite('N', 'Sz', 1.000000) SpinHalfFermionSite('N', 'Sz', 1.000000) SpinHalfFermionSite('N', 'Sz', 1.000000) SpinHalfFermionSite('N', 'Sz', 1.000000) SpinHalfFermionSite('N', 'Sz', 1.000000) SpinHalfFermionSite('N', 'Sz', 1.000000) SpinHalfFermionSite('N', 'Sz', 1.000000)
forms: (0.0, 1.0) (0.0, 1.0) (0.0, 1.0) (0.0, 1.0) (0.0, 1.0) (0.0, 1.0) (0.0, 1.0) (0.0, 1.0) (0.0, 1.0)",True,122.72102618217468
Kagome_Hubbard_270,3,1,9,1.0,0.08090764391057037,4.939169255000552,1.2,11,-0.03692998514667135,-0.03692998514667135,"MPS, L=9, bc='finite'.
chi: [4, 16, 63, 184, 187, 63, 16, 4]
sites: SpinHalfFermionSite('N', 'Sz', 1.000000) SpinHalfFermionSite('N', 'Sz', 1.000000) SpinHalfFermionSite('N', 'Sz', 1.000000) SpinHalfFermionSite('N', 'Sz', 1.000000) SpinHalfFermionSite('N', 'Sz', 1.000000) SpinHalfFermionSite('N', 'Sz', 1.000000) SpinHalfFermionSite('N', 'Sz', 1.000000) SpinHalfFermionSite('N', 'Sz', 1.000000) SpinHalfFermionSite('N', 'Sz', 1.000000)
forms: (0.0, 1.0) (0.0, 1.0) (0.0, 1.0) (0.0, 1.0) (0.0, 1.0) (0.0, 1.0) (0.0, 1.0) (0.0, 1.0) (0.0, 1.0)",True,480.9512083530426
Kagome_Hubbard_271,3,1,9,1.0,-0.13459302625240477,5.987600635624622,0.8,7,-11.88155558164287,-11.88155558164287,"MPS, L=9, bc='finite'.
chi: [4, 16, 64, 205, 205, 64, 16, 4]
sites: SpinHalfFermionSite('N', 'Sz', 1.000000) SpinHalfFermionSite('N', 'Sz', 1.000000) SpinHalfFermionSite('N', 'Sz', 1.000000) SpinHalfFermionSite('N', 'Sz', 1.000000) SpinHalfFermionSite('N', 'Sz', 1.000000) SpinHalfFermionSite('N', 'Sz', 1.000000) SpinHalfFermionSite('N', 'Sz', 1.000000) SpinHalfFermionSite('N', 'Sz', 1.000000) SpinHalfFermionSite('N', 'Sz', 1.000000)
forms: (0.0, 1.0) (0.0, 1.0) (0.0, 1.0) (0.0, 1.0) (0.0, 1.0) (0.0, 1.0) (0.0, 1.0) (0.0, 1.0) (0.0, 1.0)",True,118.93554711341858
Kagome_Hubbard_272,3,1,9,1.0,0.0909493851455549,3.7025251574086235,0.417,4,-13.291893558347695,-13.291893558347695,"MPS, L=9, bc='finite'.
chi: [4, 15, 35, 48, 48, 35, 15, 4]
sites: SpinHalfFermionSite('N', 'Sz', 1.000000) SpinHalfFermionSite('N', 'Sz', 1.000000) SpinHalfFermionSite('N', 'Sz', 1.000000) SpinHalfFermionSite('N', 'Sz', 1.000000) SpinHalfFermionSite('N', 'Sz', 1.000000) SpinHalfFermionSite('N', 'Sz', 1.000000) SpinHalfFermionSite('N', 'Sz', 1.000000) SpinHalfFermionSite('N', 'Sz', 1.000000) SpinHalfFermionSite('N', 'Sz', 1.000000)
forms: (0.0, 1.0) (0.0, 1.0) (0.0, 1.0) (0.0, 1.0) (0.0, 1.0) (0.0, 1.0) (0.0, 1.0) (0.0, 1.0) (0.0, 1.0)",True,70.85516047477722
Kagome_Hubbard_273,3,1,9,1.0,-0.2654409628013468,2.9974584043536927,1.0,9,-10.042957346835996,-10.042957346835996,"MPS, L=9, bc='finite'.
chi: [4, 16, 64, 256, 256, 64, 16, 4]
sites: SpinHalfFermionSite('N', 'Sz', 1.000000) SpinHalfFermionSite('N', 'Sz', 1.000000) SpinHalfFermionSite('N', 'Sz', 1.000000) SpinHalfFermionSite('N', 'Sz', 1.000000) SpinHalfFermionSite('N', 'Sz', 1.000000) SpinHalfFermionSite('N', 'Sz', 1.000000) SpinHalfFermionSite('N', 'Sz', 1.000000) SpinHalfFermionSite('N', 'Sz', 1.000000) SpinHalfFermionSite('N', 'Sz', 1.000000)
forms: (0.0, 1.0) (0.0, 1.0) (0.0, 1.0) (0.0, 1.0) (0.0, 1.0) (0.0, 1.0) (0.0, 1.0) (0.0, 1.0) (0.0, 1.0)",True,127.04420566558838
Kagome_Hubbard_274,3,1,9,1.0,0.21210543702050616,5.3931610688863145,0.8,7,-14.778285349723234,-14.778285349723234,"MPS, L=9, bc='finite'.
chi: [4, 16, 64, 205, 205, 64, 16, 4]
sites: SpinHalfFermionSite('N', 'Sz', 1.000000) SpinHalfFermionSite('N', 'Sz', 1.000000) SpinHalfFermionSite('N', 'Sz', 1.000000) SpinHalfFermionSite('N', 'Sz', 1.000000) SpinHalfFermionSite('N', 'Sz', 1.000000) SpinHalfFermionSite('N', 'Sz', 1.000000) SpinHalfFermionSite('N', 'Sz', 1.000000) SpinHalfFermionSite('N', 'Sz', 1.000000) SpinHalfFermionSite('N', 'Sz', 1.000000)
forms: (0.0, 1.0) (0.0, 1.0) (0.0, 1.0) (0.0, 1.0) (0.0, 1.0) (0.0, 1.0) (0.0, 1.0) (0.0, 1.0) (0.0, 1.0)",True,121.8940417766571
Kagome_Hubbard_275,3,1,9,1.0,-0.0173108945345537,7.821657362936783,0.333,3,-9.797064514046403,-9.797064514046403,"MPS, L=9, bc='finite'.
chi: [4, 11, 17, 20, 20, 17, 11, 4]
sites: SpinHalfFermionSite('N', 'Sz', 1.000000) SpinHalfFermionSite('N', 'Sz', 1.000000) SpinHalfFermionSite('N', 'Sz', 1.000000) SpinHalfFermionSite('N', 'Sz', 1.000000) SpinHalfFermionSite('N', 'Sz', 1.000000) SpinHalfFermionSite('N', 'Sz', 1.000000) SpinHalfFermionSite('N', 'Sz', 1.000000) SpinHalfFermionSite('N', 'Sz', 1.000000) SpinHalfFermionSite('N', 'Sz', 1.000000)
forms: (1.0, 0.0) (1.0, 0.0) (0.0, 1.0) (0.0, 1.0) (0.0, 1.0) (0.0, 1.0) (0.0, 1.0) (0.0, 1.0) (0.0, 1.0)",True,44.069762229919434
Kagome_Hubbard_276,3,1,9,1.0,0.24221620248179315,7.899250850053568,0.333,3,-11.787775295715534,-11.787775295715534,"MPS, L=9, bc='finite'.
chi: [4, 11, 17, 20, 20, 17, 11, 4]
sites: SpinHalfFermionSite('N', 'Sz', 1.000000) SpinHalfFermionSite('N', 'Sz', 1.000000) SpinHalfFermionSite('N', 'Sz', 1.000000) SpinHalfFermionSite('N', 'Sz', 1.000000) SpinHalfFermionSite('N', 'Sz', 1.000000) SpinHalfFermionSite('N', 'Sz', 1.000000) SpinHalfFermionSite('N', 'Sz', 1.000000) SpinHalfFermionSite('N', 'Sz', 1.000000) SpinHalfFermionSite('N', 'Sz', 1.000000)
forms: (1.0, 0.0) (1.0, 0.0) (0.0, 1.0) (0.0, 1.0) (0.0, 1.0) (0.0, 1.0) (0.0, 1.0) (0.0, 1.0) (0.0, 1.0)",True,42.78782629966736
Kagome_Hubbard_277,3,1,9,1.0,-0.19940031103357853,6.893136072290378,1.2,11,5.465797044438351,5.465797044438351,"MPS, L=9, bc='finite'.
chi: [4, 16, 64, 205, 205, 64, 16, 4]
sites: SpinHalfFermionSite('N', 'Sz', 1.000000) SpinHalfFermionSite('N', 'Sz', 1.000000) SpinHalfFermionSite('N', 'Sz', 1.000000) SpinHalfFermionSite('N', 'Sz', 1.000000) SpinHalfFermionSite('N', 'Sz', 1.000000) SpinHalfFermionSite('N', 'Sz', 1.000000) SpinHalfFermionSite('N', 'Sz', 1.000000) SpinHalfFermionSite('N', 'Sz', 1.000000) SpinHalfFermionSite('N', 'Sz', 1.000000)
forms: (0.0, 1.0) (0.0, 1.0) (0.0, 1.0) (0.0, 1.0) (0.0, 1.0) (0.0, 1.0) (0.0, 1.0) (0.0, 1.0) (0.0, 1.0)",True,272.7634389400482
Kagome_Hubbard_278,3,1,9,1.0,0.1289139732462123,9.775669006087513,0.8,7,-12.015414387321137,-12.015414387321137,"MPS, L=9, bc='finite'.
chi: [4, 16, 64, 205, 205, 64, 16, 4]
sites: SpinHalfFermionSite('N', 'Sz', 1.000000) SpinHalfFermionSite('N', 'Sz', 1.000000) SpinHalfFermionSite('N', 'Sz', 1.000000) SpinHalfFermionSite('N', 'Sz', 1.000000) SpinHalfFermionSite('N', 'Sz', 1.000000) SpinHalfFermionSite('N', 'Sz', 1.000000) SpinHalfFermionSite('N', 'Sz', 1.000000) SpinHalfFermionSite('N', 'Sz', 1.000000) SpinHalfFermionSite('N', 'Sz', 1.000000)
forms: (0.0, 1.0) (0.0, 1.0) (0.0, 1.0) (0.0, 1.0) (0.0, 1.0) (0.0, 1.0) (0.0, 1.0) (0.0, 1.0) (0.0, 1.0)",True,118.93254399299622
Kagome_Hubbard_279,3,1,9,1.0,-0.17702663210727684,9.832624857410742,0.5,4,-10.301689407148038,-10.301689407148038,"MPS, L=9, bc='finite'.
chi: [4, 15, 35, 48, 48, 35, 15, 4]
sites: SpinHalfFermionSite('N', 'Sz', 1.000000) SpinHalfFermionSite('N', 'Sz', 1.000000) SpinHalfFermionSite('N', 'Sz', 1.000000) SpinHalfFermionSite('N', 'Sz', 1.000000) SpinHalfFermionSite('N', 'Sz', 1.000000) SpinHalfFermionSite('N', 'Sz', 1.000000) SpinHalfFermionSite('N', 'Sz', 1.000000) SpinHalfFermionSite('N', 'Sz', 1.000000) SpinHalfFermionSite('N', 'Sz', 1.000000)
forms: (1.0, 0.0) (1.0, 0.0) (0.0, 1.0) (0.0, 1.0) (0.0, 1.0) (0.0, 1.0) (0.0, 1.0) (0.0, 1.0) (0.0, 1.0)",True,73.35184049606323
Kagome_Hubbard_280,3,1,9,1.0,0.21219666457093328,2.2631909989722847,0.417,4,-14.693752431319208,-14.693752431319208,"MPS, L=9, bc='finite'.
chi: [4, 15, 35, 48, 48, 35, 15, 4]
sites: SpinHalfFermionSite('N', 'Sz', 1.000000) SpinHalfFermionSite('N', 'Sz', 1.000000) SpinHalfFermionSite('N', 'Sz', 1.000000) SpinHalfFermionSite('N', 'Sz', 1.000000) SpinHalfFermionSite('N', 'Sz', 1.000000) SpinHalfFermionSite('N', 'Sz', 1.000000) SpinHalfFermionSite('N', 'Sz', 1.000000) SpinHalfFermionSite('N', 'Sz', 1.000000) SpinHalfFermionSite('N', 'Sz', 1.000000)
forms: (0.0, 1.0) (0.0, 1.0) (0.0, 1.0) (0.0, 1.0) (0.0, 1.0) (0.0, 1.0) (0.0, 1.0) (0.0, 1.0) (0.0, 1.0)",True,69.31051206588745
Kagome_Hubbard_281,3,1,9,1.0,0.261848565811112,6.965379213711536,0.333,3,-12.012706576580532,-12.012706576580532,"MPS, L=9, bc='finite'.
chi: [4, 11, 17, 20, 20, 17, 11, 4]
sites: SpinHalfFermionSite('N', 'Sz', 1.000000) SpinHalfFermionSite('N', 'Sz', 1.000000) SpinHalfFermionSite('N', 'Sz', 1.000000) SpinHalfFermionSite('N', 'Sz', 1.000000) SpinHalfFermionSite('N', 'Sz', 1.000000) SpinHalfFermionSite('N', 'Sz', 1.000000) SpinHalfFermionSite('N', 'Sz', 1.000000) SpinHalfFermionSite('N', 'Sz', 1.000000) SpinHalfFermionSite('N', 'Sz', 1.000000)
forms: (1.0, 0.0) (1.0, 0.0) (0.0, 1.0) (0.0, 1.0) (0.0, 1.0) (0.0, 1.0) (0.0, 1.0) (0.0, 1.0) (0.0, 1.0)",True,42.46716856956482
Kagome_Hubbard_282,3,1,9,1.0,0.2863332981097079,1.3294124887087204,1.0,9,-15.436661136906633,-15.436661136906633,"MPS, L=9, bc='finite'.
chi: [4, 16, 64, 256, 256, 64, 16, 4]
sites: SpinHalfFermionSite('N', 'Sz', 1.000000) SpinHalfFermionSite('N', 'Sz', 1.000000) SpinHalfFermionSite('N', 'Sz', 1.000000) SpinHalfFermionSite('N', 'Sz', 1.000000) SpinHalfFermionSite('N', 'Sz', 1.000000) SpinHalfFermionSite('N', 'Sz', 1.000000) SpinHalfFermionSite('N', 'Sz', 1.000000) SpinHalfFermionSite('N', 'Sz', 1.000000) SpinHalfFermionSite('N', 'Sz', 1.000000)
forms: (0.0, 1.0) (0.0, 1.0) (0.0, 1.0) (0.0, 1.0) (0.0, 1.0) (0.0, 1.0) (0.0, 1.0) (0.0, 1.0) (0.0, 1.0)",True,131.35950016975403
Kagome_Hubbard_283,3,1,9,1.0,-0.16025371392072169,7.135718935878895,1.2,11,5.945980683638133,5.945980683638133,"MPS, L=9, bc='finite'.
chi: [4, 16, 64, 205, 205, 64, 16, 4]
sites: SpinHalfFermionSite('N', 'Sz', 1.000000) SpinHalfFermionSite('N', 'Sz', 1.000000) SpinHalfFermionSite('N', 'Sz', 1.000000) SpinHalfFermionSite('N', 'Sz', 1.000000) SpinHalfFermionSite('N', 'Sz', 1.000000) SpinHalfFermionSite('N', 'Sz', 1.000000) SpinHalfFermionSite('N', 'Sz', 1.000000) SpinHalfFermionSite('N', 'Sz', 1.000000) SpinHalfFermionSite('N', 'Sz', 1.000000)
forms: (0.0, 1.0) (0.0, 1.0) (0.0, 1.0) (0.0, 1.0) (0.0, 1.0) (0.0, 1.0) (0.0, 1.0) (0.0, 1.0) (0.0, 1.0)",True,322.8765392303467
Kagome_Hubbard_284,3,1,9,1.0,0.27640892572948556,1.2496345780253602,0.333,3,-12.821894287871368,-12.821894287871368,"MPS, L=9, bc='finite'.
chi: [4, 11, 17, 20, 20, 17, 11, 4]
sites: SpinHalfFermionSite('N', 'Sz', 1.000000) SpinHalfFermionSite('N', 'Sz', 1.000000) SpinHalfFermionSite('N', 'Sz', 1.000000) SpinHalfFermionSite('N', 'Sz', 1.000000) SpinHalfFermionSite('N', 'Sz', 1.000000) SpinHalfFermionSite('N', 'Sz', 1.000000) SpinHalfFermionSite('N', 'Sz', 1.000000) SpinHalfFermionSite('N', 'Sz', 1.000000) SpinHalfFermionSite('N', 'Sz', 1.000000)
forms: (1.0, 0.0) (1.0, 0.0) (0.0, 1.0) (0.0, 1.0) (0.0, 1.0) (0.0, 1.0) (0.0, 1.0) (0.0, 1.0) (0.0, 1.0)",True,42.0536949634552
Kagome_Hubbard_285,3,1,9,1.0,-0.1891694217510191,9.932875974409217,0.5,4,-10.202716748454696,-10.202716748454696,"MPS, L=9, bc='finite'.
chi: [4, 15, 35, 48, 48, 35, 15, 4]
sites: SpinHalfFermionSite('N', 'Sz', 1.000000) SpinHalfFermionSite('N', 'Sz', 1.000000) SpinHalfFermionSite('N', 'Sz', 1.000000) SpinHalfFermionSite('N', 'Sz', 1.000000) SpinHalfFermionSite('N', 'Sz', 1.000000) SpinHalfFermionSite('N', 'Sz', 1.000000) SpinHalfFermionSite('N', 'Sz', 1.000000) SpinHalfFermionSite('N', 'Sz', 1.000000) SpinHalfFermionSite('N', 'Sz', 1.000000)
forms: (1.0, 0.0) (1.0, 0.0) (0.0, 1.0) (0.0, 1.0) (0.0, 1.0) (0.0, 1.0) (0.0, 1.0) (0.0, 1.0) (0.0, 1.0)",True,73.52214574813843
Kagome_Hubbard_286,3,1,9,1.0,-0.058029493034668034,2.8660069158166093,1.2,11,-4.790646740998085,-4.790646740998085,"MPS, L=9, bc='finite'.
chi: [4, 16, 64, 205, 205, 64, 16, 4]
sites: SpinHalfFermionSite('N', 'Sz', 1.000000) SpinHalfFermionSite('N', 'Sz', 1.000000) SpinHalfFermionSite('N', 'Sz', 1.000000) SpinHalfFermionSite('N', 'Sz', 1.000000) SpinHalfFermionSite('N', 'Sz', 1.000000) SpinHalfFermionSite('N', 'Sz', 1.000000) SpinHalfFermionSite('N', 'Sz', 1.000000) SpinHalfFermionSite('N', 'Sz', 1.000000) SpinHalfFermionSite('N', 'Sz', 1.000000)
forms: (0.0, 1.0) (0.0, 1.0) (0.0, 1.0) (0.0, 1.0) (0.0, 1.0) (0.0, 1.0) (0.0, 1.0) (0.0, 1.0) (0.0, 1.0)",True,122.63397407531738
Kagome_Hubbard_287,3,1,9,1.0,-0.028649270629526047,6.83681110064358,1.0,9,-7.1015247129676595,-7.1015247129676595,"MPS, L=9, bc='finite'.
chi: [4, 16, 64, 256, 256, 64, 16, 4]
sites: SpinHalfFermionSite('N', 'Sz', 1.000000) SpinHalfFermionSite('N', 'Sz', 1.000000) SpinHalfFermionSite('N', 'Sz', 1.000000) SpinHalfFermionSite('N', 'Sz', 1.000000) SpinHalfFermionSite('N', 'Sz', 1.000000) SpinHalfFermionSite('N', 'Sz', 1.000000) SpinHalfFermionSite('N', 'Sz', 1.000000) SpinHalfFermionSite('N', 'Sz', 1.000000) SpinHalfFermionSite('N', 'Sz', 1.000000)
forms: (0.0, 1.0) (0.0, 1.0) (0.0, 1.0) (0.0, 1.0) (0.0, 1.0) (0.0, 1.0) (0.0, 1.0) (0.0, 1.0) (0.0, 1.0)",True,170.48805975914001
Kagome_Hubbard_288,3,1,9,1.0,-0.039216863104691024,9.002532817505701,0.8,7,-11.173372015015385,-11.173372015015385,"MPS, L=9, bc='finite'.
chi: [4, 16, 64, 205, 205, 64, 16, 4]
sites: SpinHalfFermionSite('N', 'Sz', 1.000000) SpinHalfFermionSite('N', 'Sz', 1.000000) SpinHalfFermionSite('N', 'Sz', 1.000000) SpinHalfFermionSite('N', 'Sz', 1.000000) SpinHalfFermionSite('N', 'Sz', 1.000000) SpinHalfFermionSite('N', 'Sz', 1.000000) SpinHalfFermionSite('N', 'Sz', 1.000000) SpinHalfFermionSite('N', 'Sz', 1.000000) SpinHalfFermionSite('N', 'Sz', 1.000000)
forms: (0.0, 1.0) (0.0, 1.0) (0.0, 1.0) (0.0, 1.0) (0.0, 1.0) (0.0, 1.0) (0.0, 1.0) (0.0, 1.0) (0.0, 1.0)",True,121.11673903465271
Kagome_Hubbard_289,3,1,9,1.0,0.22261052313848967,6.045221152735303,0.5,4,-14.024767489437757,-14.024767489437757,"MPS, L=9, bc='finite'.
chi: [4, 15, 35, 48, 48, 35, 15, 4]
sites: SpinHalfFermionSite('N', 'Sz', 1.000000) SpinHalfFermionSite('N', 'Sz', 1.000000) SpinHalfFermionSite('N', 'Sz', 1.000000) SpinHalfFermionSite('N', 'Sz', 1.000000) SpinHalfFermionSite('N', 'Sz', 1.000000) SpinHalfFermionSite('N', 'Sz', 1.000000) SpinHalfFermionSite('N', 'Sz', 1.000000) SpinHalfFermionSite('N', 'Sz', 1.000000) SpinHalfFermionSite('N', 'Sz', 1.000000)
forms: (0.0, 1.0) (0.0, 1.0) (0.0, 1.0) (0.0, 1.0) (0.0, 1.0) (0.0, 1.0) (0.0, 1.0) (0.0, 1.0) (0.0, 1.0)",True,69.78866386413574
Kagome_Hubbard_290,3,1,9,1.0,0.203255882061325,8.43809830860149,0.8,7,-13.066415062202868,-13.066415062202868,"MPS, L=9, bc='finite'.
chi: [4, 16, 64, 205, 205, 64, 16, 4]
sites: SpinHalfFermionSite('N', 'Sz', 1.000000) SpinHalfFermionSite('N', 'Sz', 1.000000) SpinHalfFermionSite('N', 'Sz', 1.000000) SpinHalfFermionSite('N', 'Sz', 1.000000) SpinHalfFermionSite('N', 'Sz', 1.000000) SpinHalfFermionSite('N', 'Sz', 1.000000) SpinHalfFermionSite('N', 'Sz', 1.000000) SpinHalfFermionSite('N', 'Sz', 1.000000) SpinHalfFermionSite('N', 'Sz', 1.000000)
forms: (0.0, 1.0) (0.0, 1.0) (0.0, 1.0) (0.0, 1.0) (0.0, 1.0) (0.0, 1.0) (0.0, 1.0) (0.0, 1.0) (0.0, 1.0)",True,121.32658910751343
Kagome_Hubbard_291,3,1,9,1.0,0.026093929388892212,5.9141069998191025,0.417,4,-12.351593307272777,-12.351593307272777,"MPS, L=9, bc='finite'.
chi: [4, 15, 35, 48, 48, 35, 15, 4]
sites: SpinHalfFermionSite('N', 'Sz', 1.000000) SpinHalfFermionSite('N', 'Sz', 1.000000) SpinHalfFermionSite('N', 'Sz', 1.000000) SpinHalfFermionSite('N', 'Sz', 1.000000) SpinHalfFermionSite('N', 'Sz', 1.000000) SpinHalfFermionSite('N', 'Sz', 1.000000) SpinHalfFermionSite('N', 'Sz', 1.000000) SpinHalfFermionSite('N', 'Sz', 1.000000) SpinHalfFermionSite('N', 'Sz', 1.000000)
forms: (1.0, 0.0) (1.0, 0.0) (0.0, 1.0) (0.0, 1.0) (0.0, 1.0) (0.0, 1.0) (0.0, 1.0) (0.0, 1.0) (0.0, 1.0)",True,69.0923125743866
Kagome_Hubbard_292,3,1,9,1.0,-0.21111673099399803,5.5624818839197365,0.417,4,-10.460746556987946,-10.460746556987946,"MPS, L=9, bc='finite'.
chi: [4, 15, 35, 48, 48, 35, 15, 4]
sites: SpinHalfFermionSite('N', 'Sz', 1.000000) SpinHalfFermionSite('N', 'Sz', 1.000000) SpinHalfFermionSite('N', 'Sz', 1.000000) SpinHalfFermionSite('N', 'Sz', 1.000000) SpinHalfFermionSite('N', 'Sz', 1.000000) SpinHalfFermionSite('N', 'Sz', 1.000000) SpinHalfFermionSite('N', 'Sz', 1.000000) SpinHalfFermionSite('N', 'Sz', 1.000000) SpinHalfFermionSite('N', 'Sz', 1.000000)
forms: (1.0, 0.0) (1.0, 0.0) (0.0, 1.0) (0.0, 1.0) (0.0, 1.0) (0.0, 1.0) (0.0, 1.0) (0.0, 1.0) (0.0, 1.0)",True,72.73430967330933
Kagome_Hubbard_293,3,1,9,1.0,0.028939538883562432,4.373301770095358,0.333,3,-10.352979477523773,-10.352979477523773,"MPS, L=9, bc='finite'.
chi: [4, 11, 17, 20, 20, 17, 11, 4]
sites: SpinHalfFermionSite('N', 'Sz', 1.000000) SpinHalfFermionSite('N', 'Sz', 1.000000) SpinHalfFermionSite('N', 'Sz', 1.000000) SpinHalfFermionSite('N', 'Sz', 1.000000) SpinHalfFermionSite('N', 'Sz', 1.000000) SpinHalfFermionSite('N', 'Sz', 1.000000) SpinHalfFermionSite('N', 'Sz', 1.000000) SpinHalfFermionSite('N', 'Sz', 1.000000) SpinHalfFermionSite('N', 'Sz', 1.000000)
forms: (1.0, 0.0) (1.0, 0.0) (0.0, 1.0) (0.0, 1.0) (0.0, 1.0) (0.0, 1.0) (0.0, 1.0) (0.0, 1.0) (0.0, 1.0)",True,42.46759271621704
Kagome_Hubbard_294,3,1,9,1.0,-0.1830164897259512,4.944556330432783,0.5,4,-10.770467691629987,-10.770467691629987,"MPS, L=9, bc='finite'.
chi: [4, 15, 35, 48, 48, 35, 15, 4]
sites: SpinHalfFermionSite('N', 'Sz', 1.000000) SpinHalfFermionSite('N', 'Sz', 1.000000) SpinHalfFermionSite('N', 'Sz', 1.000000) SpinHalfFermionSite('N', 'Sz', 1.000000) SpinHalfFermionSite('N', 'Sz', 1.000000) SpinHalfFermionSite('N', 'Sz', 1.000000) SpinHalfFermionSite('N', 'Sz', 1.000000) SpinHalfFermionSite('N', 'Sz', 1.000000) SpinHalfFermionSite('N', 'Sz', 1.000000)
forms: (1.0, 0.0) (1.0, 0.0) (0.0, 1.0) (0.0, 1.0) (0.0, 1.0) (0.0, 1.0) (0.0, 1.0) (0.0, 1.0) (0.0, 1.0)",True,72.52474308013916
Kagome_Hubbard_295,3,1,9,1.0,0.04371358472210363,8.178171646631956,0.5,4,-12.20964818693911,-12.20964818693911,"MPS, L=9, bc='finite'.
chi: [4, 15, 35, 48, 48, 35, 15, 4]
sites: SpinHalfFermionSite('N', 'Sz', 1.000000) SpinHalfFermionSite('N', 'Sz', 1.000000) SpinHalfFermionSite('N', 'Sz', 1.000000) SpinHalfFermionSite('N', 'Sz', 1.000000) SpinHalfFermionSite('N', 'Sz', 1.000000) SpinHalfFermionSite('N', 'Sz', 1.000000) SpinHalfFermionSite('N', 'Sz', 1.000000) SpinHalfFermionSite('N', 'Sz', 1.000000) SpinHalfFermionSite('N', 'Sz', 1.000000)
forms: (1.0, 0.0) (1.0, 0.0) (0.0, 1.0) (0.0, 1.0) (0.0, 1.0) (0.0, 1.0) (0.0, 1.0) (0.0, 1.0) (0.0, 1.0)",True,73.12220191955566
Kagome_Hubbard_296,3,1,9,1.0,-0.1449440595397843,5.228388958960096,1.2,11,1.5435371539927758,1.5435371539927758,"MPS, L=9, bc='finite'.
chi: [4, 16, 64, 205, 205, 64, 16, 4]
sites: SpinHalfFermionSite('N', 'Sz', 1.000000) SpinHalfFermionSite('N', 'Sz', 1.000000) SpinHalfFermionSite('N', 'Sz', 1.000000) SpinHalfFermionSite('N', 'Sz', 1.000000) SpinHalfFermionSite('N', 'Sz', 1.000000) SpinHalfFermionSite('N', 'Sz', 1.000000) SpinHalfFermionSite('N', 'Sz', 1.000000) SpinHalfFermionSite('N', 'Sz', 1.000000) SpinHalfFermionSite('N', 'Sz', 1.000000)
forms: (0.0, 1.0) (0.0, 1.0) (0.0, 1.0) (0.0, 1.0) (0.0, 1.0) (0.0, 1.0) (0.0, 1.0) (0.0, 1.0) (0.0, 1.0)",True,226.0321328639984
Kagome_Hubbard_297,3,1,9,1.0,0.27953445910925695,8.015750922054169,0.333,3,-12.07981571239285,-12.07981571239285,"MPS, L=9, bc='finite'.
chi: [4, 11, 17, 20, 20, 17, 11, 4]
sites: SpinHalfFermionSite('N', 'Sz', 1.000000) SpinHalfFermionSite('N', 'Sz', 1.000000) SpinHalfFermionSite('N', 'Sz', 1.000000) SpinHalfFermionSite('N', 'Sz', 1.000000) SpinHalfFermionSite('N', 'Sz', 1.000000) SpinHalfFermionSite('N', 'Sz', 1.000000) SpinHalfFermionSite('N', 'Sz', 1.000000) SpinHalfFermionSite('N', 'Sz', 1.000000) SpinHalfFermionSite('N', 'Sz', 1.000000)
forms: (1.0, 0.0) (1.0, 0.0) (0.0, 1.0) (0.0, 1.0) (0.0, 1.0) (0.0, 1.0) (0.0, 1.0) (0.0, 1.0) (0.0, 1.0)",True,43.64060974121094
Kagome_Hubbard_298,3,1,9,1.0,-0.22939096968460831,7.422273563977297,0.5,4,-10.108320003361081,-10.108320003361081,"MPS, L=9, bc='finite'.
chi: [4, 15, 35, 48, 48, 35, 15, 4]
sites: SpinHalfFermionSite('N', 'Sz', 1.000000) SpinHalfFermionSite('N', 'Sz', 1.000000) SpinHalfFermionSite('N', 'Sz', 1.000000) SpinHalfFermionSite('N', 'Sz', 1.000000) SpinHalfFermionSite('N', 'Sz', 1.000000) SpinHalfFermionSite('N', 'Sz', 1.000000) SpinHalfFermionSite('N', 'Sz', 1.000000) SpinHalfFermionSite('N', 'Sz', 1.000000) SpinHalfFermionSite('N', 'Sz', 1.000000)
forms: (1.0, 0.0) (1.0, 0.0) (0.0, 1.0) (0.0, 1.0) (0.0, 1.0) (0.0, 1.0) (0.0, 1.0) (0.0, 1.0) (0.0, 1.0)",True,74.86939811706543
Kagome_Hubbard_299,3,1,9,1.0,-0.12308866126328669,5.864863726832139,0.5,4,-11.123965913157361,-11.123965913157361,"MPS, L=9, bc='finite'.
chi: [4, 15, 35, 48, 48, 35, 15, 4]
sites: SpinHalfFermionSite('N', 'Sz', 1.000000) SpinHalfFermionSite('N', 'Sz', 1.000000) SpinHalfFermionSite('N', 'Sz', 1.000000) SpinHalfFermionSite('N', 'Sz', 1.000000) SpinHalfFermionSite('N', 'Sz', 1.000000) SpinHalfFermionSite('N', 'Sz', 1.000000) SpinHalfFermionSite('N', 'Sz', 1.000000) SpinHalfFermionSite('N', 'Sz', 1.000000) SpinHalfFermionSite('N', 'Sz', 1.000000)
forms: (1.0, 0.0) (1.0, 0.0) (0.0, 1.0) (0.0, 1.0) (0.0, 1.0) (0.0, 1.0) (0.0, 1.0) (0.0, 1.0) (0.0, 1.0)",True,72.21115684509277
